型号,brand,index_zol,price,OLED,IP,full screen,screen_size,back_cam_num,back_cam_1,back_cam_2,back_cam_3,back_cam_4,back_cam_5,front_cam_num,front_cam_1,front_cam_2,front_cam_3,front_cam_4,front_cam_5,CPU_brand,CPU,ram,rom,5G,dpi,ppi,device_length,device_width,device_thickness,fingerprint_type,release date,releaseY,releaseM,wireless_charge,battery vol
华为nova 7 Pro（8GB/128GB/5G版/全网通）,华为手机,1319765,3699,1,,1,6.57,4,6400,800,800,200,,2,3200,800,,,,海思,海思 麒麟985,8,128,1,2340x1080像素,,160.36,73.74,7.98,屏幕指纹 ,2020/04/23,2020,04,,4000
华为P40 Pro（8GB/128GB/全网通/5G版）,华为手机,1315874,5958,1,IP68,1,6.58,3,5000,4000,1200,,,1,3200,,,,,海思,海思 麒麟 990 5G,8,128,1,2640x1200像素,441ppi,158.2,72.6,8.95,屏幕指纹 ,2020/3/26,2020,3,1,4200
华为P40（6GB/128GB/全网通/5G版）,华为手机,1291831,4188,1,IP53,1,6.1,3,5000,1600,800,,,1,3200,,,,,海思,海思 麒麟 990 5G,6,128,1,2340x1080像素,422ppi,148.9,71.06,8.5,屏幕指纹 ,2020/3/26,2020,3,,3800
华为nova 7（8GB/128GB/5G版/全网通）,华为手机,1315404,2999,1,,1,6.53,4,6400,800,800,200,,1,3200,,,,,海思,海思 麒麟985,8,128,1,2400x1080像素,,160.64,74.33,7.96,屏幕指纹 ,2020/04/23,2020,04,,4000
华为Mate40（全网通/5G版）,华为手机,1326272,,1,,1,,1,10800,,,,,,,,,,,海思,海思 麒麟9000,,128,1,2640x1200像素,,,,,屏幕指纹 ,2020/>,2020,,,
华为畅享20 Pro（6GB/128GB/全网通/5G版）,华为手机,1327459,1968,0,,1,6.5,3,4800,800,200,,,1,1600,,,,,联发科,联发科 天玑800（MT6873）,6,128,1,2400x1080像素,405ppi,160,75.32,8.35,侧面指纹,2020/06/19,2020,06,,4000
华为nova 7 SE（8GB/128GB/5G版/全网通）,华为手机,1319769,2399,0,,1,6.5,4,6400,800,200,200,,1,1600,,,,,海思,海思 麒麟820,8,128,1,2400x1080像素,,162.31,75,8.58,侧面指纹,2020/04/23,2020,04,,4000
华为Mate30 Pro（8GB/256GB/全网通/5G版/玻璃版）,华为手机,1265181,6899,1,IP68,1,6.53,3,4000,4000,800,,,1,3200,,,,,海思,海思 麒麟 990 5G,8,256,1,2400x1176像素,,158.1,73.1,8.8,屏幕指纹 ,"国内：2019/09/26
国外：2019/09/19",2019,09,1,4500
华为Mate30（8GB/128GB/全网通/5G版/玻璃版）,华为手机,1238183,4499,1,IP53,1,6.62,3,4000,1600,800,,,1,2400,,,,,海思,海思 麒麟 990 5G,8,128,1,2340x1080像素,,160.8,76.1,8.4,屏幕指纹 ,"国内：2019/09/26
国外：2019/09/19",2019,09,1,4200
华为P30（8GB RAM/全网通）,华为手机,1212233,2788,1,IP53,1,6.1,3,4000,1600,800,,,1,3200,,,,,海思,海思 麒麟 980,8,64,,2340x1080像素,422ppi,149.1,71.36,7.57,屏幕指纹 ,2019/04/,2019,04,,3650
华为P30 Pro（8GB/128GB/全网通）,华为手机,1223829,3888,1,IP68,1,6.47,3,4000,2000,800,,,1,3200,,,,,海思,海思 麒麟 980,8,128,,2340x1080像素,398ppi,158,73.4,8.41,屏幕指纹 ,2019/04/,2019,04,1,4200
华为P40（8GB/128GB/全网通/5G版）,华为手机,1316635,4488,1,IP53,1,6.1,3,5000,1600,800,,,1,3200,,,,,海思,海思 麒麟 990 5G,8,128,1,2340x1080像素,422ppi,148.9,71.06,8.5,屏幕指纹 ,2020/3/26,2020,3,,3800
华为nova 6 5G（8GB/128GB/全网通）,华为手机,1298290,2898,0,,1,6.57,3,4000,800,800,,,2,3200,800,,,,海思,海思 麒麟990+巴龙5000,8,128,1,2400x1080像素,,162.7,75.8,8.98,侧面指纹,2019/12/05,2019,12,,4200
华为Mate 20 Pro（6GB RAM/全网通）,华为手机,1224162,2999,1,IP68,1,6.39,3,4000,2000,800,,,1,2400,,,,,海思,海思 麒麟 980,6,128,,,538ppi,157.8,72.3,8.6,,2018/10/26,2018,10,1,4200
华为畅享20 Plus（6GB/128GB/全网通/5G版）,华为手机,1334934,2299,0,,1,6.63,3,4800,800,200,,,1,1600,,,,,联发科,联发科 MT6853 5G,6,128,1,2400x1080像素,397ppi,163.5,76.5,8.95,侧面指纹,2020/9/3,2020,9,,4200
华为P40 Pro+（8GB/512GB/全网通/5G版）,华为手机,1316633,8888,1,IP68,1,6.58,4,5000,4000,800,800,,1,3200,,,,,海思,海思 麒麟 990 5G,8,512,1,2640x1200像素,441ppi,158.2,72.6,9.0,屏幕指纹 ,2020/3/26,2020,3,1,4200
华为nova 5 Pro（8GB/128GB/全网通）,华为手机,1279521,2499,1,,1,6.39,4,4800,1600,200,200,,1,3200,,,,,海思,海思 麒麟 980,8,128,,2340x1080像素,403ppi,157.4,74.8,7.33,屏幕指纹 ,2019/6/,2019,6,,3500
华为P40 Pro（8GB/256GB/全网通/5G版）,华为手机,1316637,6488,1,IP68,1,6.58,3,5000,4000,1200,,,1,3200,,,,,海思,海思 麒麟 990 5G,8,256,1,2640x1200像素,441ppi,158.2,72.6,8.95,屏幕指纹 ,2020/3/26,2020,3,1,4200
华为麦芒9（6GB/128GB/全网通/5G版）,华为手机,1331386,2199,,,1,6.8,3,6400,800,200,,,1,1600,,,,,联发科,联发科 天玑800（MT6873）,6,128,1,2400x1080像素,386ppi,170,78.5,8.9,侧面指纹,2020/07/27,2020,07,,4300
华为P40 Pro+（8GB/256GB/全网通/5G版）,华为手机,1316634,7988,1,IP68,1,6.58,4,5000,4000,800,800,,1,3200,,,,,海思,海思 麒麟 990 5G,8,256,1,2640x1200像素,441ppi,158.2,72.6,9.0,屏幕指纹 ,2020/3/26,2020,3,1,4200
华为nova 6 SE（8GB/128GB/全网通）,华为手机,1301506,2149,0,,1,6.4,4,4800,800,200,200,,1,1600,,,,,海思,海思 麒麟810,8,128,,2310x1080像素,398ppi,159.2,76.3,8.7,侧面指纹,2019/12/05,2019,12,,4200
华为Mate30 Pro（8GB/128GB/全网通）,华为手机,1293893,5799,1,IP68,1,6.53,3,4000,4000,800,,,1,3200,,,,,海思,海思 麒麟 990,8,128,,2400x1176像素,,158.1,73.1,8.8,屏幕指纹 ,"国内：2019/09/26
国外：2019/09/19",2019,09,1,4500
华为Mate30（6GB/128GB/全网通）,华为手机,1293875,3999,1,IP53,1,6.62,3,4000,1600,800,,,1,2400,,,,,海思,海思 麒麟 990,6,128,,2340x1080像素,,160.8,76.1,8.4,屏幕指纹 ,"国内：2019/09/26
国外：2019/09/19",2019,09,1,4200
华为畅享10（4GB/64GB/全网通）,华为手机,1295323,1149,,,1,6.39,2,4800,200,,,,1,800,,,,,海思,海思 麒麟 710F,4,64,,,,159.81,76.13,8.13,,2019/10/18,2019,10,,4000
华为Mate 20（全网通）,华为手机,1227467,5999,0,,1,6.53,3,1200,1600,800,,,1,2400,,,,,海思,海思 麒麟 980,6,64,,2244x1080像素,381ppi,158.2,77.2,8.3,后置指纹 ,2018/10/26,2018,10,,4000
华为nova 7 Pro（8GB/256GB/5G版/全网通）,华为手机,1320708,4099,1,,1,6.57,4,6400,800,800,200,,2,3200,800,,,,海思,海思 麒麟985,8,,1,2340x1080像素,,160.36,73.74,7.98,屏幕指纹 ,2020/04/23,2020,04,,4000
华为P20（全网通）,华为手机,1175779,2458,,,1,,2,2000,1200,,,,1,2400,,,,,海思,海思 麒麟 970,6,64,,2244x1080像素,428ppi,149.1,70.8,7.65,前置指纹 ,2018/4/12,2018,4,,3400
华为畅享10 Plus（4GB/128GB/全网通）,华为手机,1290790,1399,0,,1,6.59,3,4800,800,200,,,1,1600,,,,,海思,海思 麒麟 710F,4,128,,2340x1080像素,,163.5,77.3,8.8,后置指纹 ,2019/09/05,2019,09,,4000
华为nova 7（8GB/256GB/5G版/全网通）,华为手机,1320707,3399,1,,1,6.53,4,6400,800,800,200,,1,3200,,,,,海思,海思 麒麟985,8,256,1,2400x1080像素,,160.64,74.33,7.96,屏幕指纹 ,2020/04/23,2020,04,,4000
华为P40 Pro（8GB/512GB/全网通/5G版）,华为手机,1316638,7388,1,IP68,1,6.58,3,5000,4000,1200,,,1,3200,,,,,海思,海思 麒麟 990 5G,8,512,1,2640x1200像素,441ppi,158.2,72.6,8.95,屏幕指纹 ,2020/3/26,2020,3,1,4200
华为畅享10e（4GB/64GB/全网通）,华为手机,1288918,999,,,1,6.3,2,1300,200,,,,1,800,,,,,联发科,联发科 MT6765,4,64,,,267ppi,159.07,74.06,9.04,,2020/3/1,2020,3,,5000
华为nova 5i（6GB/128GB/全网通）,华为手机,1278893,1599,0,,1,6.4,4,2400,800,200,200,,1,2400,,,,,海思,海思 麒麟 710,6,128,,2310x1080像素,398ppi,159.1,75.9,8.3,后置指纹 ,2019/6/21,2019,6,,4000
华为nova 5Z（6GB/64GB/全网通）,华为手机,1297107,1599,,,1,6.268,4,4800,800,200,200,,1,3200,,,,,海思,海思 麒麟 810,6,64,,2340x1080像素,,手机 ,"1
电池 ","1
充电器 ",后置指纹 ,2019/10/,2019,10,,4000
华为P20 Pro（6GB RAM/全网通）,华为手机,1207038,,1,IP67,1,6.1,3,4000,2000,800,,,1,2400,,,,,海思,海思 麒麟 970,6,64,,2240x1080像素,408ppi,155,73.9,7.8,前置指纹 ,2018/04/12,2018,04,,4000
华为P40（8GB/256GB/全网通/5G版）,华为手机,1316636,4988,1,IP53,1,6.1,3,5000,1600,800,,,1,3200,,,,,海思,海思 麒麟 990 5G,8,256,1,2340x1080像素,422ppi,148.9,71.06,8.5,屏幕指纹 ,2020/3/26,2020,3,,3800
华为nova 7 SE（8GB/256GB/5G版/全网通）,华为手机,1320709,2799,0,,1,6.5,4,6400,800,200,200,,1,1600,,,,,海思,海思 麒麟820,8,256,1,2400x1080像素,,162.31,75,8.58,侧面指纹,2020/04/23,2020,04,,4000
华为Mate30（8GB/256GB/全网通/5G版/素皮版）,华为手机,1293931,4999,1,IP53,1,6.62,3,4000,1600,800,,,1,2400,,,,,海思,海思 麒麟 990 5G,8,256,1,2340x1080像素,389ppi,160.8,76.1,9.2,屏幕指纹 ,"国内：2019/09/26
国外：2019/09/19",2019,09,1,4200
华为nova 5（8GB/128GB全网通）,华为手机,1273758,2599,1,IP68,1,6.39,4,4800,1600,200,200,,1,3200,,,,,海思,海思 麒麟 810,8,128,,2340x1080像素,403ppi,157.4,74.8,7.33,屏幕指纹 ,2019/6/21,2019,6,,3500
华为畅享Z（6GB/64GB/全网通/5G版）,华为手机,1323973,1699,0,,1,6.5,3,4800,800,200,,,1,1600,,,,,联发科,联发科 天玑800,6,64,1,2400x1080像素,405ppi,约160,75.32,8.35,侧面指纹,2020/05/24,2020,05,,4000
华为畅享20 Pro（8GB/128GB/全网通/5G版）,华为手机,1328593,2268,0,,1,6.5,3,4800,800,200,,,1,1600,,,,,联发科,联发科 天玑800（MT6873）,8,128,1,2400x1080像素,405ppi,160,75.32,8.35,侧面指纹,2020/06/19,2020,06,,4000
华为Mate30（8GB/256GB/全网通/5G版/玻璃版）,华为手机,1293929,4999,1,IP53,1,6.62,3,4000,1600,800,,,1,2400,,,,,海思,海思 麒麟 990 5G,8,256,1,2340x1080像素,,160.8,76.1,8.4,屏幕指纹 ,"国内：2019/09/26
国外：2019/09/19",2019,09,1,4200
华为Mate Xs（8GB/512GB/全网通/5G版）,华为手机,1303051,16999,1,,1,8,3,4000,1600,800,,,,,,,,,海思,海思 麒麟 990 5G,8,512,1,,413ppi,展开：161.3,146.2,"5.4mm
折叠：161.3",,￥16999￥18688,16999,18688,,4500
华为Mate30 Pro（8GB/128GB/全网通/5G版/玻璃版）,华为手机,1293901,5899,1,IP68,1,6.53,3,4000,4000,800,,,1,3200,,,,,海思,海思 麒麟 990 5G,8,128,1,2400x1176像素,,158.1,73.1,8.8,屏幕指纹 ,"国内：2019/09/26
国外：2019/09/19",2019,09,1,4500
华为nova 3（全网通）,华为手机,1185512,1588,0,,1,6.3,2,1600,2400,,,,2,2400,200,,,,海思,海思 麒麟 970,6,64,,2340x1080像素,409ppi,157,73.7,7.3,后置指纹 ,2018/07/,2018,07,,3750
华为Mate 10（4GB RAM/全网通）,华为手机,1165672,,0,,0,,2,2000,1200,,,,1,800,,,,,海思,海思 麒麟 970,4,64,,,498ppi,150.5,77.8,8.2,前置指纹 ,2017/10/20,2017,10,,4000
华为nova 5i Pro（8GB/256GB/全网通）,华为手机,1284512,2399,0,,1,6.26,4,4800,800,200,200,,1,3200,,,,,海思,海思 麒麟 810,8,256,,2340x1080像素,412ppi,156.1,73.9,8.3,后置指纹 ,2019/07/26,2019,07,,4000
华为Mate 20 X（8GB/256GB/全网通/5G版）,华为手机,1274859,6199,1,IP53,1,7.2,3,4000,2000,800,,,1,2400,,,,,海思,海思 麒麟 980+ Balong 5000,8,256,1,2244x1080像素,346ppi,174.6,85.4,8.38,后置指纹 ,2019/07/26,2019,07,,4200
华为畅享10 Plus（6GB/128GB/全网通）,华为手机,1291507,1699,0,,1,6.59,3,4800,800,200,,,1,1600,,,,,海思,海思 麒麟 710F,6,128,,2340x1080像素,,163.5,77.3,8.8,后置指纹 ,2019/09/05,2019,09,,4000
华为畅享10S（6GB/64GB/全网通）,华为手机,1298295,1599,1,,1,6.3,3,4800,800,200,,,1,1600,,,,,海思,海思 麒麟 710F,6,64,,2400x1080像素,417ppi,157.4,73.2,7.75,屏幕指纹 ,2019/11/,2019,11,,4000
华为Mate 10 Pro（全网通）,华为手机,1181128,,1,IP67,1,6,2,1200,2000,,,,1,800,,,,,海思,海思 麒麟 970,6,64,,2160x1080像素,402ppi,154.2,74.5,7.9,后置指纹 ,2017/11/15,2017,11,,4000
华为畅享Z（6GB/128GB/全网通/5G版）,华为手机,1324693,1799,0,,1,6.5,3,4800,800,200,,,1,1600,,,,,联发科,联发科 天玑800,6,128,1,2400x1080像素,405ppi,约160,75.32,8.35,侧面指纹,2020/05/24,2020,05,,4000
华为Mate30（8GB/128GB/全网通）,华为手机,1293856,4299,1,IP53,1,6.62,3,4000,1600,800,,,1,2400,,,,,海思,海思 麒麟 990,8,128,,2340x1080像素,389ppi,160.8,76.1,8.4,屏幕指纹 ,"国内：2019/09/26
国外：2019/09/19",2019,09,1,4200
华为畅享9 Plus（4GB RAM/全网通）,华为手机,1233875,1199,0,,1,6.5,2,1300,200,,,,2,1600,200,,,,海思,海思 麒麟 710,4,64,,2340x1080像素,396ppi,162.4,77.1,8.05,后置指纹 ,2018/10/20,2018,10,,4000
华为nova 2s（4GB RAM/全网通）,华为手机,1204363,,0,,1,6,2,2000,1600,,,,2,2000,200,,,,海思,海思 麒麟 960,4,64,,2160x1080像素,402ppi,156.9,75.1,7.5,前置指纹 ,2017/12/12,2017,12,,3340
华为nova 6（8GB/128GB/全网通）,华为手机,1303591,2799,0,,1,6.57,3,4000,800,800,,,2,3200,800,,,,海思,海思 麒麟 990,8,128,,2400x1080像素,,162.6,75.7,8.56,侧面指纹,2019/12/05,2019,12,,4100
华为Mate40 Pro（全网通/5G版）,华为手机,1337287,,1,,1,,1,10800,,,,,,,,,,,海思,海思 麒麟9000,,128,1,2640x1200像素,,,,,屏幕指纹 ,2020/>,2020,,,
华为畅享9（3GB RAM/全网通）,华为手机,1233874,749,,,1,6.26,2,1300,200,,,,1,800,,,,,高通,高通 骁龙450,3,32,,,269ppi,158.92,76.91,8.1,,2018/12/,2018,12,,4000
华为畅享Z（8GB/128GB/全网通/5G版）,华为手机,1324694,2199,0,,1,6.5,3,4800,800,200,,,1,1600,,,,,联发科,联发科 天玑800,8,128,1,2400x1080像素,405ppi,约160,75.32,8.35,侧面指纹,2020/05/24,2020,05,,4000
华为畅享20（4GB/128GB/全网通/5G版）,华为手机,1337911,1699,0,,1,6.6,3,1300,800,200,,,1,800,,,,,联发科,联发科 MT6853 5G,4,128,1,,266ppi,165.2,76,9.2,侧面指纹,2020/9/3,2020,9,,5000
华为P30（8GB/128GB/全网通）,华为手机,1315681,3588,1,IP53,1,6.1,3,4000,1600,800,,,1,3200,,,,,海思,海思 麒麟 980,8,128,,2340x1080像素,422ppi,149.1,71.36,7.57,屏幕指纹 ,2019/04/,2019,04,,3650
华为麦芒9（8GB/128GB/全网通/5G版）,华为手机,1333295,2399,,,1,6.8,3,6400,800,200,,,1,1600,,,,,联发科,联发科 天玑800（MT6873）,8,128,1,2400x1080像素,386ppi,170,78.5,8.9,侧面指纹,2020/07/27,2020,07,,4300
华为nova 6 5G（8GB/256GB/全网通）,华为手机,1303596,3049,0,,1,6.57,3,4000,800,800,,,2,3200,800,,,,海思,海思 麒麟990，巴龙5000,8,256,1,2400x1080像素,,162.7,75.8,8.98,侧面指纹,2019/12/05,2019,12,,4200
华为Mate 20 X（6GB RAM/全网通）,华为手机,1233492,3588,1,IP53,1,7.2,3,4000,2000,800,,,1,2400,,,,,海思,海思 麒麟 980,6,128,,2244x1080像素,346ppi,174.6,85.4,8.15,,2018/10/26,2018,10,,5000
华为nova 3e（全网通）,华为手机,1207608,999,,,1,,2,1600,200,,,,1,2400,,,,,海思,海思 麒麟 659,4,64,,2280x1080像素,432ppi,148.6,71.2,7.4,后置指纹 ,2018/03/,2018,03,,
华为Mate 20 Pro（8GB RAM/全网通）,华为手机,1234759,3618,1,IP68,1,6.39,3,4000,2000,800,,,1,2400,,,,,海思,海思 麒麟 980,8,128,,,538ppi,157.8,72.3,8.6,屏幕指纹 ,2018/10/26,2018,10,1,4200
华为Mate X（8GB/512GB/全网通/5G版）,华为手机,1184085,17699,1,,0,8,3,4000,1600,800,,,,,,,,,海思,海思 麒麟 980+Balong 5000,8,512,1,,,展开：161.3,146.2,"5.4mm
折叠：161.3",,2019/11/15,2019,11,,4500
华为P30 Pro（8GB/512GB/全网通）,华为手机,1291822,4899,1,IP68,1,6.47,3,4000,2000,800,,,1,3200,,,,,海思,海思 麒麟 980,8,512,,2340x1080像素,398ppi,158,73.4,8.41,屏幕指纹 ,2019/04/,2019,04,1,4200
华为nova 5 Pro（8GB/256GB/全网通）,华为手机,1279525,2899,1,,1,6.39,4,4800,1600,200,200,,1,3200,,,,,海思,海思 麒麟 980,8,256,,2340x1080像素,403ppi,157.4,74.8,7.33,屏幕指纹 ,2019/6/,2019,6,,3500
华为畅享7 Plus（TRT-AL00A/4GB RAM/全网通）,华为手机,1168883,849,0,,0,,,,,,,,1,800,,,,,高通,高通 骁龙435（MSM8940）,4,64,,,267ppi,153.6,76.4,8.35,后置指纹 ,2017/04/28,2017,04,,4000
华为nova 3i（4GB RAM/全网通）,华为手机,1222100,2699,0,,1,6.3,2,1600,200,,,,2,2400,200,,,,海思,海思 麒麟 710,4,128,,2340x1080像素,409ppi,157.6,75.2,7.6,后置指纹 ,2018/>,2018,,,3340
华为Mate30 Pro（8GB/512GB/全网通/5G版/素皮版）,华为手机,1293907,7399,1,IP68,1,6.53,3,4000,4000,800,,,1,3200,,,,,海思,海思 麒麟 990 5G,8,512,1,2400x1176像素,,158.1,73.1,9.5,屏幕指纹 ,"国内：2019/09/26
国外：2019/09/19",2019,09,1,4500
华为nova 5Z（6GB/128GB/全网通）,华为手机,1309985,1799,,,1,6.268,4,4800,800,200,200,,1,3200,,,,,海思,海思 麒麟 810,6,128,,2340x1080像素,,手机 ,"1
电池 ","1
充电器 ",后置指纹 ,2019/10/,2019,10,,4000
华为畅享10（4GB/128GB/全网通）,华为手机,1297078,1299,,,1,6.39,2,4800,200,,,,1,800,,,,,海思,海思 麒麟 710F,4,128,,,,159.81,76.13,8.13,,2019/10/18,2019,10,,4000
华为Mate30 RS保时捷版（12GB/512GB/全网通/5G版）,华为手机,1292757,12999,1,IP68,1,6.53,3,4000,4000,800,,,1,3200,,,,,海思,海思 麒麟 990 5G,12,512,1,2400x1176像素,,158.1,73.1,9.3,屏幕指纹 ,"国内：2019/09/26
国外：2019/09/19",2019,09,1,4500
华为畅享10（6GB/128GB/全网通）,华为手机,1327071,1499,,,1,6.39,2,4800,200,,,,1,800,,,,,海思,海思 麒麟 710F,6,128,,,,159.81,76.13,8.13,,2019/10/18,2019,10,,4000
华为畅享9S（4GB RAM/全网通）,华为手机,1263910,,,,1,6.21,3,2400,1600,200,,,1,800,,,,,海思,海思 麒麟 710,4,64,,2340x1080像素,415ppi,155.2,73.4,7.95,,2019/3/,2019,3,,3400
华为nova 2 Plus（BAC-AL00/全网通）,华为手机,1170043,,,,,,2,1200,800,,,,1,2000,,,,,海思,海思 麒麟 659,4,128,,1920x1080像素,401ppi,153.9,74.9,6.9,后置指纹 ,2017/06/,2017,06,,3340
华为nova 5i（8GB/128GB/全网通）,华为手机,1280628,1999,0,,1,6.4,4,2400,800,200,200,,1,2400,,,,,海思,海思 麒麟 710,8,128,,2310x1080像素,398ppi,159.1,75.9,8.3,后置指纹 ,2019/6/21,2019,6,,4000
华为Mate30 Pro（8GB/256GB/全网通）,华为手机,1293857,6299,1,IP68,1,6.53,3,4000,4000,800,,,1,3200,,,,,海思,海思 麒麟 990,8,256,,2400x1176像素,,158.1,73.1,8.8,屏幕指纹 ,"国内：2019/09/26
国外：2019/09/19",2019,09,1,4500
华为畅享9e（全网通）,华为手机,1252483,,,,1,6.088,,,,,,,1,800,,,,,联发科,联发科 Helio P35,3,32,,,282ppi,156,74,8,,2019/03/,2019,03,,
华为P50（全网通/5G版）,华为手机,1326884,,,,1,,,,,,,,,,,,,,6GB/8GB/12GB,6GB/8GB/12GB,,64,1,,,,,,,5G手机>，4G手机>，3G手机>，智能手机>，平板手机>，拍照手机>,5,4,,
华为麦芒8（全网通）,华为手机,1277904,1499,0,,1,6.21,3,2400,200,1600,,,1,800,,,,,海思,海思 麒麟 710,6,128,,2340x1080像素,415ppi,155.2,73.4,7.95,,2019/06/,2019,06,,3400
华为畅享10S（6GB/128GB/全网通）,华为手机,1303014,1699,1,,1,6.3,3,4800,800,200,,,1,1600,,,,,海思,海思 麒麟 710F,6,128,,2400x1080像素,417ppi,157.4,73.2,7.75,屏幕指纹 ,2019/11/,2019,11,,4000
华为畅享8（3GB RAM/全网通）,华为手机,1208286,828,0,,1,,2,1300,200,,,,1,800,,,,,高通,高通 骁龙430（MSM8937）,3,32,,,269ppi,158.3,76.7,7.8,后置指纹 ,2018/03/,2018,03,,
华为P30 Pro（8GB/256GB/全网通）,华为手机,1291827,4288,1,IP68,1,6.47,3,4000,2000,800,,,1,3200,,,,,海思,海思 麒麟 980,8,256,,2340x1080像素,398ppi,158,73.4,8.41,屏幕指纹 ,2019/04/,2019,04,1,4200
华为P30（8GB/256GB/全网通）,华为手机,1315684,3788,1,IP53,1,6.1,3,4000,1600,800,,,1,3200,,,,,海思,海思 麒麟 980,8,256,,2340x1080像素,422ppi,149.1,71.36,7.57,屏幕指纹 ,2019/04/,2019,04,,3650
华为畅享8 Plus（全网通）,华为手机,1210102,999,0,,1,,2,1300,200,,,,2,1600,200,,,,海思,海思 麒麟 659,4,64,,2160x1080像素,407ppi,157.2,75.3,7.89,后置指纹 ,2018/03/,2018,03,,4000
华为畅享10 Plus（8GB/128GB/全网通）,华为手机,1291512,1899,0,,1,6.59,3,4800,800,200,,,1,1600,,,,,海思,海思 麒麟 710F,8,128,,2340x1080像素,,163.5,77.3,8.8,后置指纹 ,2019/09/05,2019,09,,4000
华为畅享8e青春版（全网通）,华为手机,1217895,529,,,1,,,,,,,,,,,,,,,,,32,,,295ppi,146.5,70.9,8.3,,2018/06/,2018,06,,
华为P30（6GB RAM/全网通）,华为手机,1264248,3688,1,IP53,1,6.1,3,4000,1600,800,,,1,3200,,,,,海思,海思 麒麟 980,6,128,,2340x1080像素,422ppi,149.1,71.36,7.57,屏幕指纹 ,2019/04/,2019,04,,3650
华为Mate40 Pro+（全网通/5G版）,华为手机,1337289,,1,,1,,1,10800,,,,,,,,,,,海思,海思 麒麟9000,,128,1,2640x1200像素,,,,,屏幕指纹 ,2020/>,2020,,,
华为Mate 20 RS保时捷版（全网通）,华为手机,1230266,7888,1,,,6.39,3,4000,2000,800,,,1,2400,,,,,海思,海思 麒麟 980,8,512,,,538ppi,157.8,72.3,9.7,,2018/11/17,2018,11,,4200
华为Mate30 Pro（8GB/512GB/全网通/5G版/玻璃版）,华为手机,1293903,7399,1,IP68,1,6.53,3,4000,4000,800,,,1,3200,,,,,海思,海思 麒麟 990 5G,8,512,1,2400x1176像素,,158.1,73.1,8.8,屏幕指纹 ,"国内：2019/09/26
国外：2019/09/19",2019,09,1,4500
华为nova 5i Pro（8GB/128GB/全网通）,华为手机,1285495,1799,0,,1,6.26,4,4800,800,200,200,,1,3200,,,,,海思,海思 麒麟 810,8,128,,2340x1080像素,412ppi,156.1,73.9,8.3,后置指纹 ,2019/07/26,2019,07,,4000
华为Mate30（8GB/128GB/全网通/5G版/素皮版）,华为手机,1293878,4499,1,IP53,1,6.62,3,4000,1600,800,,,1,2400,,,,,海思,海思 麒麟 990 5G,8,128,1,2340x1080像素,389ppi,160.8,76.1,9.2,屏幕指纹 ,"国内：2019/09/26
国外：2019/09/19",2019,09,1,4200
华为麦芒6（全网通）,华为手机,1182274,,,,1,,2,1600,200,,,,2,1300,200,,,,海思,海思 麒麟 659,4,64,,2160x1080像素,409ppi,156.2,75.2,7.5,后置指纹 ,2017/09/,2017,09,,3340
华为畅享MAX（全网通）,华为手机,1234415,1199,,,,7.12,2,1600,200,,,,1,800,,,,,高通,高通 骁龙660AIE,4,64,,2244x1080像素,350ppi,177.57,86.24,8.48,后置指纹 ,2018/10/15,2018,10,,5000
华为畅享9（4GB/64GB/全网通）,华为手机,1245419,999,,,,6.26,2,1300,200,,,,1,800,,,,,高通,高通 骁龙450,4,64,,,269ppi,158.92,76.91,8.1,,2018/12/,2018,12,,4000
华为畅享10（6GB/64GB/全网通）,华为手机,1297079,1199,,,1,6.39,2,4800,200,,,,1,800,,,,,海思,海思 麒麟 710F,6,64,,,,159.81,76.13,8.13,,2019/10/18,2019,10,,4000
华为畅享10e（4GB/128GB/全网通）,华为手机,1313058,1199,,,1,6.3,2,1300,200,,,,1,800,,,,,联发科,联发科 MT6765,4,128,,,267ppi,159.07,74.06,9.04,,2020/3/1,2020,3,,5000
华为麦芒7（全网通）,华为手机,1227167,1749,0,,1,6.3,2,2000,200,,,,2,2400,200,,,,海思,海思 麒麟 710,6,64,,2340x1080像素,409ppi,158.3,75.3,7.6,,2018/09/,2018,09,,3750
华为畅享8e（全网通）,华为手机,1210103,1200,,,1,,2,1300,200,,,,1,500,,,,,高通,高通 骁龙430（MSM8937）,3,32,,,282ppi,152.4,73,7.8,后置指纹 ,2018/03/,2018,03,,
华为Mate 10（6GB RAM/全网通）,华为手机,1184692,,0,,0,,2,2000,1200,,,,1,800,,,,,海思,海思 麒麟 970,6,128,,,498ppi,150.5,77.8,8.2,前置指纹 ,2017/10/20,2017,10,,4000
华为nova 2s（6GB RAM/全网通）,华为手机,1204737,,0,,1,6,2,2000,1600,,,,2,2000,200,,,,海思,海思 麒麟 960,6,64,,2160x1080像素,402ppi,156.9,75.1,7.5,前置指纹 ,2017/12/12,2017,12,,3340
华为畅享7S（3GB RAM/全网通）,华为手机,1202894,699,,,1,,2,1300,200,,,,1,800,,,,,海思,海思 麒麟 659,3,32,,2160x1080像素,427ppi,150.1,72.05,7.45,后置指纹 ,2017/12/22,2017,12,,
华为畅享10S（8GB/128GB/全网通）,华为手机,1303016,1899,1,,1,6.3,3,4800,800,200,,,1,1600,,,,,海思,海思 麒麟 710F,8,128,,2400x1080像素,417ppi,157.4,73.2,7.75,屏幕指纹 ,2019/11/,2019,11,,4000
华为P30 Lite（全网通）,华为手机,1249467,,,,1,6.15,3,4000,2000,2000,,,1,2400,,,,,海思,海思 麒麟 710,6,64,,1920x1080像素,,,,,后置指纹 ,2019/>,2019,,,
华为nova 4e（4GB RAM/全网通）,华为手机,1262040,,0,,1,6.15,3,2400,800,200,,,1,3200,,,,,海思,海思 麒麟 710,4,128,,2312x1080像素,415ppi,152.9,72.7,7.4,后置指纹 ,2019/03/,2019,03,,3340
华为Mate 20 X（8GB RAM/全网通）,华为手机,1236349,3998,1,IP53,0,7.2,3,4000,2000,800,,,1,2400,,,,,海思,海思 麒麟 980,8,256,,2244x1080像素,346ppi,174.6,85.4,8.15,,2018/10/26,2018,10,,5000
华为Mate30 Lite（全网通）,华为手机,1287860,,1,,,,3,1600,2400,800,,,1,2400,,,,,海思,海思 麒麟 1020,10,,,,629ppi,,,,屏幕指纹 ,2019/09/,2019,09,,4200
华为Mate30 Pro（8GB/256GB/全网通/5G版/素皮版）,华为手机,1293904,6899,1,IP68,1,6.53,3,4000,4000,800,,,1,3200,,,,,海思,海思 麒麟 990 5G,8,256,1,2400x1176像素,,158.1,73.1,9.5,屏幕指纹 ,"国内：2019/09/26
国外：2019/09/19",2019,09,1,4500
华为nova 4（高配版/全网通）,华为手机,1246226,10000,,,1,6.4,3,4800,1600,200,,,1,2500,,,,,海思,海思 麒麟 970,8,128,,2310x1080像素,398ppi,157,75.1,7.77,后置指纹 ,2018/12/27,2018,12,,3750
华为nova青春版（移动全网通）,华为手机,1202606,,,,,,,,,,,,1,800,,,,,海思,海思 麒麟 658,4,64,,1920x1080像素,424ppi,146.5,72,7.2,后置指纹 ,2017/03/24,2017,03,,
华为Mate30 Pro（8GB/128GB/全网通/5G版/素皮版）,华为手机,1293906,5899,1,IP68,1,6.53,3,4000,4000,800,,,1,3200,,,,,海思,海思 麒麟 990 5G,8,128,1,2400x1176像素,,158.1,73.1,9.5,屏幕指纹 ,"国内：2019/09/26
国外：2019/09/19",2019,09,1,4500
华为畅享10S（4GB/128GB/全网通）,华为手机,1327074,1599,1,,1,6.3,3,4800,800,200,,,1,1600,,,,,海思,海思 麒麟 710F,4,128,,2400x1080像素,417ppi,157.4,73.2,7.75,屏幕指纹 ,2019/11/,2019,11,,4000
华为畅享8（4GB RAM/全网通）,华为手机,1210286,,,,1,,2,1300,200,,,,1,800,,,,,高通,高通 骁龙430（MSM8937）,4,64,,,269ppi,158.3,76.7,7.8,后置指纹 ,2018/>,2018,,,
华为nova 5T（全网通）,华为手机,1289557,,,,1,,1,3200,,,,,,,,,,,4800万像素+1600万像素+200万像素+200万像素,4800万像素+1600万像素+200万像素+200万像素,8,128,,,,,,,,2019/>,2019,,,3750
华为畅享7 Plus（TRT-AL00/3GB RAM/全网通）,华为手机,1169616,,,,,,,,,,,,1,800,,,,,高通,高通 骁龙435（MSM8940）,3,32,,,267ppi,153.6,76.4,8.35,后置指纹 ,2017/04/28,2017,04,,4000
华为畅享20 Plus（8GB/128GB/全网通/5G版）,华为手机,1338401,2499,0,,1,6.63,3,4800,800,200,,,1,1600,,,,,联发科,联发科 MT6853 5G,8,128,1,2400x1080像素,397ppi,163.5,76.5,8.95,侧面指纹,2020/9/3,2020,9,,4200
华为nova 5i Pro（6GB/128GB/全网通）,华为手机,1285496,1799,0,,1,6.26,4,4800,800,200,200,,1,3200,,,,,海思,海思 麒麟 810,6,128,,2340x1080像素,412ppi,156.1,73.9,8.3,后置指纹 ,2019/07/26,2019,07,,4000
华为P20 Pro（8GB RAM/全网通）,华为手机,1231072,,1,IP67,1,6.1,3,4000,2000,800,,,1,2400,,,,,海思,海思 麒麟 970,8,128,,2240x1080像素,408ppi,155,73.9,7.8,前置指纹 ,2018/04/12,2018,04,,4000
华为nova 4（6GB/128GB/全网通）,华为手机,1315691,,0,,1,6.4,3,2000,1600,200,,,1,2500,,,,,海思,海思 麒麟 970,6,128,,2310x1080像素,398ppi,157,75.1,7.77,后置指纹 ,2018/12/27,2018,12,,3750
华为Y6p（3GB/64GB/全网通）,华为手机,1321943,,,,1,6.3,3,1300,500,200,,,1,800,,,,,联发科,联发科 Helio P22,3,64,,,,,,,后置指纹 ,2020/05/,2020,05,,5000
华为畅享9 Plus（6GB RAM/全网通）,华为手机,1244390,,,,1,6.5,2,1300,200,,,,2,1600,200,,,,海思,海思 麒麟 710,6,128,,2340x1080像素,396ppi,162.4,77.1,8.05,后置指纹 ,2018/10/20,2018,10,,4000
华为nova 3i（6GB RAM/全网通）,华为手机,1224424,1238,,,1,6.3,2,1600,200,,,,2,2400,200,,,,海思,海思 麒麟 710,6,64,,2340x1080像素,409ppi,157.6,75.2,7.6,后置指纹 ,2018/>,2018,,,3340
华为Y8s（4GB/6GB/全网通）,华为手机,1322064,,,,1,6.5,2,4800,200,,,,2,800,200,,,,海思,海思 麒麟 710,4,64,,2340x1080像素,,162.4,77.1,8.135,后置指纹 ,2020/05/,2020,05,,4000
华为畅享9 Plus（4GB/128GB/全网通）,华为手机,1315447,,0,,1,6.5,2,1300,200,,,,2,1600,200,,,,海思,海思 麒麟 710,4,128,,2340x1080像素,396ppi,162.4,77.1,8.05,后置指纹 ,2018/10/20,2018,10,,4000
华为P20 Lite（全网通）,华为手机,1273767,,0,,1,,2,1600,200,,,,1,2400,,,,,海思,海思 麒麟 710,4,64,,2280x1080像素,432ppi,148.6,71.2,7.4,后置指纹 ,2019/>,2019,,,
华为畅享9（4GB/128GB/全网通）,华为手机,1315489,,,,,6.26,2,1300,200,,,,1,800,,,,,高通,高通 骁龙450,4,128,,,269ppi,158.92,76.91,8.1,,2018/12/,2018,12,,4000
华为Mate 20 MAX（全网通）,华为手机,1230270,,1,,,,3,1600,2400,800,,,1,2400,,,,,海思,海思 麒麟 980,8,256,,,629ppi,,,,,2018/>,2018,,,4200
华为Y5p（2GB/32GB/全网通）,华为手机,1321954,,,,1,,,,,,,,1,500,,,,,联发科,联发科 Helio P22,2,32,,,,,,,后置指纹 ,2020/05/,2020,05,,
华为畅享9S（6GB/64GB/全网通）,华为手机,1279792,,,,1,6.21,3,2400,1600,200,,,1,800,,,,,海思,海思 麒麟 710,6,64,,2340x1080像素,415ppi,155.2,73.4,7.95,,2019/3/,2019,3,,3400
华为Mate X2（全网通/5G版）,华为手机,1336507,,1,,1,8,1,4500,,,,,0,800,,,,,4000万像素+1600万像素+800万像素+华为Time-of-Flight（ToF）摄像头,4000万像素+1600万像素+800万像素+华为Time-of-Flight（ToF）摄像头,,,1,,413ppi,展开：161.3,146.2,"5.4mm
折叠：161.3",,2020/,2020,,,4500
华为畅享20（6GB/128GB/全网通/5G版）,华为手机,1338399,1899,0,,1,6.6,3,1300,800,200,,,1,800,,,,,联发科,联发科 MT6853 5G,6,128,1,,266ppi,165.2,76,9.2,侧面指纹,2020/9/3,2020,9,,5000
华为畅享7S（4GB RAM/全网通）,华为手机,1205137,799,,,1,,2,1300,200,,,,1,1600,,,,,海思,海思 麒麟 659,4,64,,2160x1080像素,427ppi,150.1,72.05,7.45,后置指纹 ,2017/12/22,2017,12,,
华为P Smart 2019（全网通）,华为手机,1241742,,,,,6.2,2,1200,800,,,,1,800,,,,,海思,海思 麒麟 710,3,64,,2340x1080像素,416ppi,,,,后置指纹 ,2018/>,2018,,,3400
华为畅享9S（4GB/128GB/全网通）,华为手机,1315471,,,,1,6.21,3,2400,1600,200,,,1,800,,,,,海思,海思 麒麟 710,4,128,,2340x1080像素,415ppi,155.2,73.4,7.95,,2019/3/,2019,3,,3400
华为畅享7 Plus（4GB RAM/移动全网通）,华为手机,1181638,,,,,,,,,,,,1,,,,,,高通,高通 骁龙435（MSM8940）,4,64,,,267ppi,153.6,76.4,8.35,后置指纹 ,2017/04/28,2017,04,,4000
华为Mate V（全网通）,华为手机,1330794,,,,,,1,8,,,,,,,,,,,海思,海思 麒麟,,64,1,,,,,,,2020/>,2020,,,
华为Mate40 保时捷版（全网通/5G版）,华为手机,1337290,,1,,1,,1,10800,,,,,,2,,,,,海思,海思 麒麟9000,,128,1,2640x1200像素,,,,,屏幕指纹 ,2020/>,2020,,,
华为P11（全网通）,华为手机,1166922,,,,1,,1,1600,,,,,1,800,,,,,双1600万像素,双1600万像素,6,,,,565ppi,,,,,2018/03/,2018,03,,
华为Y7p（4GB/64GB/全网通）,华为手机,1326093,,,,1,6.39,3,4800,800,200,,,1,500,,,,,海思,海思 麒麟710F,4,64,,,,159.81,76.13,8.13,后置指纹 ,2020/>,2020,,,4000
华为畅享7（2GB RAM/移动全网通）,华为手机,1202582,,,,,,,,,,,,1,800,,,,,高通,高通 骁龙425（MSM8917）,2,16,,,294ppi,143.5,71,8.05,后置指纹 ,2017/07/,2017,07,,
华为畅享7 Plus（3GB RAM/移动全网通）,华为手机,1181639,,,,,,,,,,,,1,1300,200,,,,高通,高通 骁龙435（MSM8940）,3,32,,,267ppi,153.6,76.4,8.35,后置指纹 ,2017/04/28,2017,04,,4000
华为Y9 Prime（全网通）,华为手机,1249473,,,,1,6.5,2,1600,200,,,,2,1300,200,,,,海思,海思 麒麟 710,4,64,,2340x1080像素,396ppi,,,,后置指纹 ,2019/>,2019,,,4000
华为Y9 2018（全网通）,华为手机,1209039,,,,1,,2,1600,200,,,,2,1600,,,,,海思,海思 麒麟 659,3,32,,2160x1080像素,407ppi,,,,后置指纹 ,2018/>,2018,,,3340
华为Y8p（4GB/128GB/全网通）,华为手机,1323961,,1,,1,6.3,3,4800,800,200,,,1,500,,,,,海思,海思 麒麟 710F,6,64,,2400x1080像素,,157.4,73.2,7.75,屏幕指纹 ,2019/11/,2019,11,,4000
华为Y6 Pro（移动4G）,华为手机,1138705,,,,,,,,,,,,1,500,,,,,联发科,联发科 MT6735P,2,16,,,294ppi,,,,,4G手机>，3G手机>，智能手机>，拍照手机>,4,3,,4000
华为畅享7（3GB RAM/移动全网通）,华为手机,1202584,,,,,,,,,,,,1,6,,,,,高通,高通 骁龙425（MSM8917）,3,32,,,294ppi,143.5,71,8.05,后置指纹 ,2017/07/,2017,07,,
华为Mate 11（全网通）,华为手机,1185759,,,,1,6.6,,,,,,,1,,,,,,海思,海思 麒麟 980,6,64,,,,152,77,7,,2018/09/,2018,09,,
华为Y6 2018（全网通）,华为手机,1211178,,,,1,,,,,,,,,1600,,,,,1300万像素,1300万像素,2,16,,,282ppi,,,,,2018/>,2018,,,
华为Y7 Pro 2019（全网通）,华为手机,1253500,,,,,6.26,2,1300,200,,,,1,500,,,,,高通,高通 骁龙450,3,32,,,269ppi,,,,,4G手机>，3G手机>，智能手机>，平板手机>，拍照手机>,4,3,,4000
华为Y5 2017（全网通）,华为手机,1168569,,,,,,,,,,,,1,,,,,,联发科,联发科 MT6737T,2,16,,,294ppi,,,,,2017/>,2017,,,
华为Mate30 Pro青春版（全网通/5G版）,华为手机,1337762,,1,IP68,1,6.53,2,3200,1600,,,,,1600,,,,,海思,海思 麒麟 990 5G,8,512,1,2400x1176像素,,158.1,73.1,9.5,屏幕指纹 ,2020/>,2020,,1,4500
华为P Smart Z（全网通）,华为手机,1270310,,,,,6.5,2,1600,200,,,,1,800,,,,,海思,海思 麒麟 710,4,64,,2340x1080像素,396ppi,,,,后置指纹 ,2019/>,2019,,,4000
华为Y7 Prime（全网通）,华为手机,1173063,,,,,,,,,,,,1,200,,,,,高通,高通 骁龙435（MSM8940）,3,32,,,267ppi,153.6,76.4,8.35,后置指纹 ,2017/>,2017,,,4000
华为Y3 2017（全网通）,华为手机,1169886,,,,,,,,,,,,1,,,,,,联发科,联发科 MT6737M,1,8,,,196ppi,145.1,73.7,9.45,,2017/>,2017,,,
华为nova 2青春版（全网通）,华为手机,1207760,,,,1,,,,,,,,,,,,,,,,,,,,,,,,后置指纹 ,2018/>,2018,,,
华为P11 Plus（全网通）,华为手机,1207036,,,,1,,,,,,,,,800,,,,,5.93英寸,5.93英寸,,,,,,,,,,2018/>,2018,,,
华为nova 2 Lite（全网通）,华为手机,1209335,,,,1,,2,1300,200,,,,1,,,,,,高通,高通 骁龙430（MSM8937）,3,32,,,,,,,后置指纹 ,2018/>,2018,,,
华为Y3 2018（全网通）,华为手机,1212122,,,,,,,,,,,,,800,,,,,,,,,,,,,,,,2018/>,2018,,,
华为Mate S2（移动4G）,华为手机,1141601,,,,,,,,,,,,1,,,,,,海思,海思 麒麟 960,4,,,,,,,,,4G手机>，3G手机>，智能手机>，游戏手机>,4,3,,3500
华为Y5 Lite（全网通）,华为手机,1208677,,,,,,,,,,,,,2920,,,,,联发科,联发科 MT6737,,,,,,,,,,2018/>,2018,,,
华为Maya（全网通）,华为手机,1164564,,,,,,,,,,,,1,,,,,,联发科,联发科 MT6737T,2,,,,,,,,,2017/>,2017,,,
华为P11 Lite（全网通）,华为手机,1205754,,,,1,,,,,,,,,1600,,,,,,,,,,,,,,,,2018/>,2018,,,
华为nova 8 SE（全网通/5G版）,华为手机,1338710,,,,1,6.5,4,6400,800,200,200,,1,1600,,,,,联发科,联发科 天玑800,,,1,2400x1080像素,,162.31,75,8.58,侧面指纹,2020/>,2020,,,4000
华为nova 8（全网通/5G版）,华为手机,1338711,,,,1,6.5,4,6400,800,200,200,,1,1600,,,,,联发科,联发科 天玑800U,,,1,2400x1080像素,,162.31,75,8.58,侧面指纹,2020/>,2020,,,4000
华为nova 8 Pro（全网通/5G版）,华为手机,1338712,,,,1,6.5,4,6400,800,200,200,,1,1600,,,,,联发科,联发科 天玑1000+,,,1,2400x1080像素,,162.31,75,8.58,侧面指纹,2020/>,2020,,,4000
华为Y9a（全网通）,华为手机,1338976,,,,1,6.63,4,6400,800,200,200,,1,800,,,,,联发科,联发科 Helio G80,,128,,2400x1080像素,,163.5,76.5,8.95,侧面指纹,2020/9/,2020,9,,4300
华为P10 Plus（VKY-AL00/6GB RAM全网通）,华为手机,1163813,,0,,0,,2,2000,1200,,,,1,3200,,,,,海思,海思 麒麟 960,6,64,,,534ppi,Summilu,-H,"8.07mm
液氧/引力：158.46",前置指纹 ,2017/03/>,2017,03,,3750
vivo X50 Pro（8GB/128GB/全网通/5G版）,vivo手机,1325247,4298,1,,1,6.56,4,4800,800,800,1300,,1,4400,800,,,,高通,高通 骁龙765G,8,128,1,2376x1080像素,398ppi,,72.8,7.39,屏幕指纹 ,2020/06/01,2020,06,,4315
vivo S7（8GB/128GB/全网通/5G版）,vivo手机,1333373,2798,1,,1,6.44,3,6400,800,200,,,2,3200,,,,,高通,高通 骁龙765G,8,128,1,2400x1080像素,408ppi,黑镜：158.46,74.2,"7.55mm
液氧/浅醺：159.54",屏幕指纹 ,2020/08/03,2020,08,,4000
vivo X50（8GB/128GB/全网通/5G版）,vivo手机,1322836,3498,1,IP53,1,6.56,4,4800,800,500,1300,,1,3200,,,,,高通,高通 骁龙765G,8,128,1,2376x1080像素,398ppi,158.82,75.39,"8.83mm
驼色：158.5",屏幕指纹 ,2020/06/01,2020,06,,4200
vivo X50 Pro+（8GB/128GB/全网通/5G版）,vivo手机,1325868,4998,1,,1,6.56,4,5000,3200,1300,1300,,1,1600,,,,,高通,高通 骁龙865,8,128,1,2376x1080像素,398ppi,黑镜：159.54,73,8.46,屏幕指纹 ,2020/07/11,2020,07,,4350
vivo Y70s（8GB/128GB/全网通/5G版）,vivo手机,1324446,2098,0,,1,6.53,3,4800,800,200,,,1,3200,,,,,三星,三星 Exynos 880,8,128,1,2340x1080像素,,引力：158.5,76.61,8.68,侧面指纹,2020/06/01,2020,06,,4500
vivo S6（8GB/128GB/全网通/5G版）,vivo手机,1314381,2498,1,,1,6.44,4,4800,800,200,200,,1,1600,,,,,三星,三星 Exynos 980,8,128,1,2400x1080像素,,162.07,74.66,9.4,屏幕指纹 ,2020/03/31,2020,03,,4500
vivo NEX 3S（8GB/256GB/全网通/5G版）,vivo手机,1313064,4998,1,,1,6.89,3,6400,1300,1300,,,1,1600,,,,,高通,高通 骁龙865+X55芯片,8,256,1,2256x1080像素,,161.16,76.14,9.16,屏幕指纹 ,2020/03/10,2020,03,,4500
vivo Z6（6GB/128GB/全网通/5G版）,vivo手机,1311965,2198,0,,1,6.57,4,4800,800,200,200,,1,1600,,,,,高通,高通 骁龙765G,6,128,1,2400x1080像素,,167.44,75.71,,后置指纹 ,2020/2/29,2020,2,,5000
vivo Y5s（6GB/128GB/全网通）,vivo手机,1299595,1498,0,,1,6.53,3,1600,800,200,,,1,3200,,,,,联发科,联发科 Helio P65,6,128,,2340x1080像素,394ppi,163.99,,8.80,后置指纹 ,2019/11/,2019,11,,5000
vivo X30（8GB/128GB/全网通/5G版）,vivo手机,1207177,2998,1,,1,6.44,3,6400,800,3200,,,1,1600,,,,,三星,三星 Exynos 980,8,128,1,2400x1080像素,,,74.10,9.11,屏幕指纹 ,2019/12/16,2019,12,,4350
vivo Y50（8GB/128GB/全网通）,vivo手机,1317785,1698,0,,1,6.53,4,1300,800,200,200,,1,1600,,,,,高通,高通 骁龙665,8,128,,2340x1080像素,394ppi,158.45,76.46,,后置指纹 ,2020/04/,2020,04,,5000
vivo Y3（4GB/128GB/全网通） ,vivo手机,1274580,1198,0,,1,6.35,3,1300,800,200,,,1,800,,,,,联发科,联发科 MT6765,4,128,,,268ppi,162.04,,8.46,后置指纹 ,2019/05/,2019,05,,5000
vivo Y51s（6GB/128GB/全网通）,vivo手机,1333329,1698,0,,1,6.53,3,4800,200,200,,,1,1600,,,,,三星,三星 Exynos 880,6,128,1,2340x1080像素,394ppi,,76.61,9.4,侧面指纹,2020/07/,2020,07,,4500
vivo NEX 3（8GB/256GB/全网通/5G版）,vivo手机,1291141,4998,1,,1,6.89,3,6400,1300,1300,,,1,1600,,,,,高通,高通 骁龙855 Plus,8,256,1,2256x1080像素,,162.05,76.14,8.95,屏幕指纹 ,2019/09/16,2019,09,,4500
vivo X27（8GB RAM/骁龙710/全网通） ,vivo手机,1262905,,1,,1,6.39,3,4800,1300,500,,,1,3200,,,,,高通,高通 骁龙710,8,256,,2340x1080像素,,167.44,74.26,8.13,屏幕指纹 ,2019/03/,2019,03,,4000
vivo Z5（6GB/128GB/全网通）,vivo手机,1258285,,1,,1,6.38,3,4800,800,200,,,1,1600,,,,,高通,高通 骁龙712,6,128,,2340x1080像素,404ppi,157.66,75.23,8.46,屏幕指纹 ,2019/07/31,2019,07,,4500
vivo Y70s（6GB/128GB/全网通/5G版）,vivo手机,1324731,1898,0,,1,6.53,3,4800,800,200,,,1,3200,,,,,三星,三星 Exynos 880,6,128,1,2340x1080像素,,159.53,76.61,8.64,侧面指纹,2020/06/01,2020,06,,4500
vivo S5（8GB/128GB/全网通）,vivo手机,1297734,,1,,1,6.44,4,4800,800,200,500,,1,3200,,,,,高通,高通 骁龙712,8,128,,2400x1080像素,,162.07,73.92,8.80,屏幕指纹 ,2019/11/14,2019,11,,4100
vivo X30 Pro（8GB/128GB/全网通/5G版）,vivo手机,1305160,3698,1,,1,6.44,4,6400,1300,800,3200,,1,3200,,,,,三星,三星 Exynos 980,8,128,1,2400x1080像素,,157.9,74.10,,屏幕指纹 ,2019/12/16,2019,12,,4350
vivo Y9s（8GB/128GB/全网通）,vivo手机,1303133,1698,1,,1,6.38,4,4800,800,200,200,,1,4400,800,,,,高通,高通 骁龙665,8,128,,2340x1080像素,,158.45,,7.39,屏幕指纹 ,2019/12/,2019,12,,4500
vivo S7（8GB/256GB/全网通/5G版）,vivo手机,1334224,3098,1,,1,6.44,3,6400,800,200,,,2,2480,,,,,高通,高通 骁龙765G,8,256,1,2400x1080像素,408ppi,,74.2,8.54,屏幕指纹 ,2020/08/03,2020,08,,4000
vivo S1（6GB/128GB/全网通）,vivo手机,1261158,,,,1,6.53,4,1200,2400,800,500,,1,1600,,,,,联发科,联发科 Helio P70,6,128,,2340x1080像素,,158.82,75.93,,后置指纹 ,2019/03/,2019,03,,3940
vivo Y7s（6GB/128GB/全网通） ,vivo手机,1283965,,1,,1,6.38,3,1600,800,200,,,1,800,,,,,联发科,联发科 Helio P65,6,128,,2340x1080像素,403ppi,161.97,,7.98,屏幕指纹 ,2019/07/,2019,07,,4500
vivo NEX旗舰版（全网通）,vivo手机,1219823,,1,,1,6.59,3,1200,2400,500,,,1,800,,,,,高通,高通 骁龙845,8,128,,2316x1080像素,388ppi,,77,8.28,屏幕指纹 ,2018/06/,2018,06,,4000
vivo Y93s（全网通）,vivo手机,1245075,,0,,1,6.2,2,1300,200,,,,1,1600,,,,,联发科,联发科 MT6762,4,128,,,270ppi,162,75.09,9.16,,2018/12/10,2018,12,,4030
vivo Z6（8GB/128GB/全网通/5G版）,vivo手机,1313053,,0,,1,6.57,4,4800,800,200,200,,1,1600,,,,,高通,高通 骁龙765G,8,128,1,2400x1080像素,,155.11,75.71,,后置指纹 ,2020/2/29,2020,2,,5000
vivo Z5i（8GB/128GB/全网通）,vivo手机,1302367,,,,1,6.53,3,1600,800,200,,,1,3200,,,,,高通,高通 骁龙675,8,128,,2340x1080像素,,163.99,,"8.83mm
驼色：158.5",后置指纹 ,2019/11/28,2019,11,,5000
vivo X50 Pro+（12GB/256GB/全网通/5G版）,vivo手机,1328242,5998,1,,1,6.56,4,5000,3200,1300,1300,,1,1600,,,,,高通,高通 骁龙865,12,256,1,2376x1080像素,398ppi,,73,,屏幕指纹 ,2020/07/11,2020,07,,4350
vivo APEX 2020（12GB/256GB/全网通/5G版）,vivo手机,1310564,,,,1,6.45,1,4800,,,,,1,800,,,,,高通,高通 骁龙865,12,256,1,,,引力：158.5,,8.92,屏幕指纹 ,2020/2/,2020,2,1,
vivo U3x（3GB/32GB/全网通）,vivo手机,1293530,,,,1,6.35,3,1300,800,200,,,1,3200,,,,,高通,高通 骁龙665,3,32,,,268ppi,,76.77,8.99,后置指纹 ,2019/9/,2019,9,,5000
vivo X27 Pro（8GB RAM/全网通）,vivo手机,1261145,3298,1,,1,6.7,3,4800,1300,200,,,1,2480,,,,,高通,高通 骁龙710,8,256,,2460x1080像素,401ppi,159.43,74.6,7.1,屏幕指纹 ,2019/03/,2019,03,,4000
vivo X23幻彩版（6GB RAM/全网通）,vivo手机,1240007,,1,,1,6.41,2,1200,1300,,,,1,800,,,,,高通,高通 骁龙660AIE,6,128,,2340x1080像素,401ppi,165.7,75.4,7.98,屏幕指纹 ,2018/11/,2018,11,,3500
vivo NEX（6GB RAM/全网通）,vivo手机,1215577,,1,,1,6.59,3,1200,2400,500,,,1,3200,,,,,高通,高通 骁龙710,6,128,,2316x1080像素,388ppi,157.6,77,"8.07mm
液氧/引力：158.46",后置指纹 ,2018/06/,2018,06,,4000
vivo X50 Pro（8GB/256GB/全网通/5G版）,vivo手机,1325254,4698,1,,1,6.56,4,4800,800,800,1300,,1,1200,2400,,,,高通,高通 骁龙765G,8,256,1,2376x1080像素,398ppi,162,72.8,7.45,屏幕指纹 ,2020/06/01,2020,06,,4315
vivo X20Plus（全网通）,vivo手机,1183497,,1,,1,6.43,3,1200,2400,500,,,2,,,,,,高通,高通 骁龙660,4,64,,2160x1080像素,376ppi,黑镜：158.46,80.09,8.09,后置指纹 ,2017/09/,2017,09,,3905
vivo NEX双屏版（10GB RAM/全网通）,vivo手机,1229281,,1,,1,6.39,2,1200,200,,,,,1600,,,,,高通,高通 骁龙845,10,128,,2340x1080像素,,165.32,75.3,8.89,屏幕指纹 ,2018/12/29,2018,12,,3500
vivo U3（4GB/64GB/全网通）,vivo手机,1297396,,0,,1,6.53,3,1600,800,200,,,1,3200,,,,,高通,高通 骁龙675,4,64,,2340x1080像素,394ppi,157.19,76.47,8.80,后置指纹 ,2019/10/,2019,10,,5000
vivo X30（8GB/256GB/全网通/5G版）,vivo手机,1305159,3298,1,,1,6.44,3,6400,800,3200,,,1,3200,,,,,三星,三星 Exynos 980,8,256,1,2400x1080像素,,162.15,74.10,,屏幕指纹 ,￥3298,3298,,,4350
vivo S1 Pro（6GB/256GB/全网通）,vivo手机,1271740,,1,,1,6.39,3,4800,800,500,,,1,3200,,,,,高通,高通 骁龙675AIE,6,256,,2340x1080像素,403ppi,158.45,,8.68,屏幕指纹 ,2019/05/,2019,05,,3700
vivo S6（8GB/256GB/全网通/5G版）,vivo手机,1317190,2798,1,,1,6.44,4,4800,800,200,200,,1,1200,,,,,三星,三星 Exynos 980,8,256,1,2400x1080像素,,,74.66,8.1,屏幕指纹 ,2020/03/31,2020,03,,4500
vivo Z3（6GB RAM/全网通）,vivo手机,1234838,,,,1,6.3,2,1600,200,,,,1,1600,,,,,高通,高通 骁龙710AIE,6,64,,2280x1080像素,,161.16,75.63,8.95,后置指纹 ,2018/11/01,2018,11,,3315
vivo X27（8GB RAM/骁龙675/全网通）,vivo手机,1258538,3298,1,,1,6.39,3,4800,1300,500,,,1,1600,,,,,高通,高通 骁龙675,8,128,,2340x1080像素,,155.97,74.26,7.9,屏幕指纹 ,2019/03/23,2019,03,,4000
vivo Y75（3GB RAM/全网通）,vivo手机,1185212,,0,,1,,,,,,,,1,3200,,,,,联发科,联发科 MT6763,3,32,,,282ppi,157.66,72.8,"8.83mm
驼色：158.5",后置指纹 ,2017/12/,2017,12,,
vivo X50 Pro+（8GB/256GB/全网通/5G版）,vivo手机,1330766,5498,1,,1,6.56,4,5000,3200,1300,1300,,1,3200,,,,,高通,高通 骁龙865,8,256,1,2376x1080像素,398ppi,149.3,73,"7.55mm
液氧/浅醺：159.54",屏幕指纹 ,2020/07/11,2020,07,,4350
vivo X50（8GB/256GB/全网通/5G版）,vivo手机,1324729,3898,1,IP53,1,6.56,4,4800,800,500,1300,,1,1600,,,,,高通,高通 骁龙765G,8,256,1,2376x1080像素,398ppi,引力：158.5,75.39,8.85,屏幕指纹 ,2020/06/01,2020,06,,4200
vivo Z5x（6GB/128GB/全网通/712版）,vivo手机,1325870,,,,1,6.53,3,1600,800,200,,,1,1600,,,,,高通,高通 骁龙712,6,128,,2340x1080像素,,黑镜：159.54,77.33,9.4,后置指纹 ,2020/04/,2020,04,,5000
vivo NEX 3S（12GB/256GB/全网通/5G版）,vivo手机,1314271,5298,1,,1,6.89,3,6400,1300,1300,,,1,1600,,,,,高通,高通 骁龙865+X55芯片,12,256,1,2256x1080像素,,162.39,76.14,8.46,屏幕指纹 ,2020/03/10,2020,03,,4500
vivo Y70s（8GB/256GB/全网通/5G版）,vivo手机,1327147,,0,,1,6.53,3,4800,800,200,,,1,800,,,,,三星,三星 Exynos 880,8,256,1,2340x1080像素,,167.44,76.61,8.28,侧面指纹,2020/06/01,2020,06,,4500
vivo Y93（3GB RAM/全网通）,vivo手机,1253432,,0,,0,6.2,2,1300,200,,,,1,1600,,,,,高通,高通 Adreno439,3,64,,,270ppi,162.07,75.09,8.85,,2018/11/,2018,11,,4030
vivo Z5x（8GB/128GB/全网通/712版）,vivo手机,1325872,,,,1,6.53,3,1600,800,200,,,1,3200,,,,,高通,高通 骁龙712,8,128,,2340x1080像素,,155.11,77.33,8.68,后置指纹 ,2020/04/,2020,04,,5000
vivo G1（8GB/128GB/全网通/5G版） ,vivo手机,1321961,,1,,1,6.44,4,4800,800,200,200,,1,3200,,,,,三星,三星 Exynos 980,8,128,1,2400x1080像素,,162.39,74.40,8.64,屏幕指纹 ,2020/05/,2020,05,,4500
vivo S5（8GB/256GB/全网通）,vivo手机,1304279,2298,1,,1,6.44,4,4800,800,200,500,,1,1600,,,,,高通,高通 骁龙712,8,256,,2400x1080像素,,161.50,73.92,,屏幕指纹 ,2019/11/14,2019,11,,4100
vivo Z3X（4GB/64GB/全网通）,vivo手机,1271142,,0,,1,6.26,2,1300,200,,,,1,1600,,,,,高通,高通 骁龙660,4,64,,2280x1080像素,403ppi,157.9,,8.85,后置指纹 ,2019/04/,2019,04,,
vivo Z5x（6GB/128GB/全网通）,vivo手机,1275809,,,,1,6.53,3,1600,800,200,,,1,3200,,,,,高通,高通 骁龙710,6,128,,2340x1080像素,,,77.33,8.13,,2019/05/24,2019,05,,5000
vivo Z5（8GB/128GB/全网通）,vivo手机,1286141,,1,,1,6.38,3,4800,800,200,,,1,2400,,,,,高通,高通 骁龙712,8,128,,2340x1080像素,404ppi,162.39,75.23,7.7,屏幕指纹 ,2019/07/31,2019,07,,4500
vivo Y79（移动全网通）,vivo手机,1193633,,,,1,,1,2400,,,,,1,1600,,,,,高通,高通 骁龙625（MSM8953）,4,64,,,269ppi,159.53,75.74,8.1,后置指纹 ,2017/11/,2017,11,,
vivo Y97（6GB RAM/全网通）,vivo手机,1250849,,0,,1,6.3,2,1600,200,,,,1,2000,,,,,联发科,联发科 Helio P60（MT6771）,6,128,,2280x1080像素,403ppi,155.87,75.63,,,2018/09/11,2018,09,,3315
vivo Y95（全网通）,vivo手机,1241602,,,,1,6.22,2,1300,200,,,,1,1600,,,,,高通,高通 骁龙439,4,64,,,270ppi,155.97,,9.4,后置指纹 ,2018/11/,2018,11,,4030
vivo NEX 3（12GB/256GB/全网通/5G版）,vivo手机,1292819,,1,,1,6.89,3,6400,1300,1300,,,1,3200,,,,,高通,高通 骁龙855 Plus,12,256,1,2256x1080像素,,,76.14,8.13,屏幕指纹 ,2019/09/16,2019,09,,4500
vivo Z5（6GB/256GB/全网通）,vivo手机,1288261,2798,1,,1,6.38,3,4800,800,200,,,1,1600,,,,,高通,高通 骁龙712,6,256,,2340x1080像素,404ppi,167.44,75.23,8.85,屏幕指纹 ,2019/07/31,2019,07,,4500
vivo Z5x（8GB/128GB/全网通）,vivo手机,1275812,1998,,,1,6.53,3,1600,800,200,,,1,3200,800,,,,高通,高通 骁龙710,8,128,,2340x1080像素,394ppi,159.53,77.33,8.5,,2019/05/24,2019,05,,5000
vivo V19（全网通）,vivo手机,1315293,,1,,1,6.44,4,4800,800,200,200,,2,2480,,,,,高通,高通 骁龙712,8,128,,2400x1080像素,,162.39,75.04,8.54,屏幕指纹 ,2020/3/,2020,3,,4500
vivo S1（4GB/128GB/全网通）,vivo手机,1298320,,,,1,6.53,4,1200,2400,800,500,,1,3200,,,,,联发科,联发科 Helio P70,4,128,,2340x1080像素,,159.64,75.93,8.80,后置指纹 ,2019/03/,2019,03,,3940
vivo X30 Pro（8GB/128GB/全网通/5G版/aw联名限定版）,vivo手机,1315020,3798,1,,1,6.44,4,6400,1300,800,3200,,1,1600,,,,,三星,三星 Exynos 980,8,128,1,2400x1080像素,,161.97,74.10,9.4,屏幕指纹 ,2020/3/20,2020,3,,4350
vivo NEX 3（8GB/128GB/全网通）,vivo手机,1285391,,1,,1,6.89,3,6400,1300,1300,,,1,800,,,,,高通,高通 骁龙855 Plus,8,128,,2256x1080像素,,158.45,76.14,8.92,屏幕指纹 ,2019/09/16,2019,09,,4500
vivo U3x（6GB/64GB/全网通） ,vivo手机,1315076,,,,1,6.35,3,1300,800,200,,,1,3200,,,,,高通,高通 骁龙665,6,64,,,268ppi,167.44,76.77,8.13,后置指纹 ,2020/03/,2020,03,,5000
vivo Z5（6GB/64GB/全网通）,vivo手机,1286140,2198,1,,1,6.38,3,4800,800,200,,,1,2400,,,,,高通,高通 骁龙712,6,64,,2340x1080像素,404ppi,159.43,75.23,,屏幕指纹 ,2019/07/31,2019,07,,4500
vivo X25（全网通）,vivo手机,1252491,,1,,1,,2,2400,1600,,,,1,1600,,,,,高通,高通 骁龙710,6,128,,,245ppi,159.53,,8.85,,2019/>,2019,,,4000
vivo Z5x（6GB/64GB/全网通）,vivo手机,1275808,,,,1,6.53,3,1600,800,200,,,1,800,,,,,高通,高通 骁龙710,6,64,,2340x1080像素,,,77.33,7.98,,2019/05/24,2019,05,,5000
vivo NEX（全网通/5G版）,vivo手机,1272322,,1,,1,6.59,3,1200,2400,500,,,1,1200,2400,,,,高通,高通 骁龙855,6,128,1,2316x1080像素,388ppi,162.39,77,7.89,后置指纹 ,2019/>,2019,,,4000
vivo Z1（6GB RAM/全网通）,vivo手机,1216106,,0,,1,6.257,2,1300,200,,,,2,1600,,,,,高通,高通 骁龙660AIE,6,64,,2280x1080像素,403ppi,162,75.03,8.89,后置指纹 ,2018/06/04,2018,06,,
vivo U3（6GB/64GB/全网通）,vivo手机,1297410,,0,,1,6.53,3,1600,800,200,,,1,,,,,,高通,高通 骁龙675,6,64,,2340x1080像素,394ppi,154.81,76.47,8.09,后置指纹 ,2019/10/,2019,10,,5000
vivo NEX双屏版（8GB RAM/全网通）,vivo手机,1256894,,1,,1,6.39,2,1200,200,,,,,800,,,,,高通,高通 骁龙845,8,256,,2340x1080像素,,162.15,75.3,8.92,屏幕指纹 ,2018/12/29,2018,12,,3500
vivo U3x（4GB/64GB/全网通）,vivo手机,1294181,,,,1,6.35,3,1300,800,200,,,1,3200,,,,,高通,高通 骁龙665,4,64,,,268ppi,157.19,76.77,,后置指纹 ,2019/9/,2019,9,,5000
vivo S1 Pro（6GB/128GB/全网通）,vivo手机,1277843,,1,,1,6.39,3,4800,800,500,,,1,3200,,,,,高通,高通 骁龙675AIE,6,128,,2340x1080像素,403ppi,159.43,,8.80,屏幕指纹 ,2019/05/,2019,05,,3700
vivo X30 Pro（8GB/256GB/全网通/5G版）,vivo手机,1305161,3998,1,,1,6.44,4,6400,1300,800,3200,,1,,,,,,三星,三星 Exynos 980,8,256,1,2400x1080像素,,,74.10,8.09,屏幕指纹 ,2019/12/16,2019,12,,4350
vivo NEX双屏版（移动全网通）,vivo手机,1246772,,1,,1,6.39,2,1200,200,,,,,2500,,,,,高通,高通 骁龙845,10,128,,2340x1080像素,,158.45,75.3,,屏幕指纹 ,2018/12/29,2018,12,,3500
vivo APEX 2019（全网通）,vivo手机,1251180,,,,1,6.5,2,4800,1600,,,,1,800,,,,,高通,高通 骁龙855,12,512,1,2340x1080像素,396ppi,157.19,,7.98,屏幕指纹 ,2019/>,2019,,,4500
vivo NEX（8GB RAM/全网通）,vivo手机,1230224,,1,,1,6.59,3,1200,2400,500,,,1,3200,,,,,高通,高通 骁龙710,8,128,,2316x1080像素,388ppi,,77,,后置指纹 ,2018/06/,2018,06,,4000
vivo S1 Pro（8GB/128GB/全网通）,vivo手机,1271774,,1,,1,6.39,3,4800,800,500,,,1,2400,,,,,高通,高通 骁龙675AIE,8,128,,2340x1080像素,403ppi,162,,,屏幕指纹 ,2019/05/,2019,05,,3700
vivo V9（全网通）,vivo手机,1208741,,,,1,6.3,2,1600,500,,,,1,800,,,,,高通,高通 骁龙626（MSM8953 Pro）,4,64,,2280x1080像素,400ppi,,,9.11,后置指纹 ,2018/>,2018,,,
vivo Y30（4GB/64GB/全网通）,vivo手机,1329109,,,,1,6.47,4,1300,800,200,200,,1,1200,,,,,联发科,联发科 MT6765,4,64,,,,,76.46,,后置指纹 ,2020/06/,2020,06,,5000
vivo Xplay7（全网通）,vivo手机,1177165,,,,1,,1,1200,,,,,1,2400,,,,,高通,高通 骁龙850,10,128,,,,162.04,,6.99,前置指纹 ,2018/>,2018,,,
vivo X21i（4GB RAM/移动全网通）,vivo手机,1255027,,1,,0,6.28,3,1200,2400,500,,,1,2480,,,,,联发科,联发科 Helio P60（MT6771）,4,128,,2280x1080像素,402ppi,,74.98,8.54,后置指纹 ,2018/>,2018,,,
vivo S1（6GB/64GB/全网通）,vivo手机,1298322,,,,1,6.53,4,1200,2400,800,500,,1,800,,,,,联发科,联发科 Helio P70,6,64,,2340x1080像素,,154.37,75.93,8.28,后置指纹 ,2019/03/,2019,03,,3940
vivo U1（4GB RAM/全网通）,vivo手机,1256856,,,,1,6.2,2,1300,200,,,,1,2000,,,,,高通,高通 骁龙439,4,64,,,,161.97,75.09,8.92,后置指纹 ,2019/02/,2019,02,,4030
vivo Y17（4GB/128GB/全网通）,vivo手机,1283101,,,,1,6.35,3,1300,800,200,,,1,3200,800,,,,联发科,联发科 MT6765,4,128,,,,155.11,76.77,9.8,后置指纹 ,2019/>,2019,,,5000
vivo V17 Pro（8GB/128GB/全网通） ,vivo手机,1290915,,1,,1,6.44,4,4800,1300,800,200,,2,2000,,,,,高通,高通 骁龙675AIE,8,128,,2400x1080像素,,159.43,74.7,,,2019/>,2019,,,4100
vivo V5s（全网通）,vivo手机,1169949,,,,,,1,2000,,,,,1,3200,,,,,联发科,联发科 MT6750,4,64,,,267ppi,159,,,前置指纹 ,2017/>,2017,,,
vivo V15（全网通）,vivo手机,1255319,,1,,1,,3,4800,800,500,,,1,1600,,,,,高通,高通 骁龙675,6,128,,,245ppi,,,7.89,,2019/>,2019,,,4000
vivo Z1青春版（4GB/64GB/全网通）,vivo手机,1272497,,,,1,6.26,2,1600,200,,,,1,800,,,,,高通,高通 骁龙626,4,64,,2280x1080像素,403ppi,,75.03,8.92,后置指纹 ,2018/10/,2018,10,,
vivo U3x（3GB/64GB/全网通）,vivo手机,1294177,,,,1,6.35,3,1300,800,200,,,1,2500,,,,,高通,高通 骁龙665,3,64,,,268ppi,154.81,76.77,,后置指纹 ,2019/9/,2019,9,,5000
vivo V11（全网通）,vivo手机,1228574,,1,,1,6.41,2,1200,200,,,,1,,,,,,高通,高通 骁龙660,6,128,,,,159.43,,,,2018/>,2018,,,3400
vivo Y90,vivo手机,1282545,,,,,,,,,,,,,,,,,,800万像素,800万像素,2,16,,,40ppi,,,,,2019/07/,2019,07,,
vivo APEX概念机（全网通）,vivo手机,1208362,,,,1,,,,,,,,,1600,,,,,高通,高通 骁龙845,,,,,,,,,,2018/>,2018,,,
vivo U20（全网通）,vivo手机,1300327,,1,,1,6.53,3,1600,800,200,,,1,3200,,,,,高通,高通 骁龙675,4,64,,,258ppi,,,8.68,后置指纹 ,2019/>,2019,,,4000
vivo G1（8GB/128GB/全网通/5G版/警务版）,vivo手机,1322302,,1,,1,6.44,4,4800,800,200,200,,1,3200,800,,,,三星,三星 Exynos 980,8,128,1,2400x1080像素,,,74.40,,屏幕指纹 ,2020/05/,2020,05,,4500
vivo S6 Pro（全网通/5G版）,vivo手机,1327645,,1,,1,,4,6400,800,200,200,,2,800,,,,,高通,高通 骁龙765G,,,1,,,161.50,,8.92,屏幕指纹 ,2020/>,2020,,,4200
vivo Y12（3GB/64GB/全网通）,vivo手机,1329055,,,,1,6.35,3,1300,800,200,,,1,3200,,,,,联发科,联发科 MT6762,3,64,,,268ppi,,76.77,8.21,后置指纹 ,2019/>,2019,,,5000
vivo V15 Pro（全网通）,vivo手机,1255323,,1,,1,6.39,3,4800,800,500,,,1,1600,,,,,高通,高通 骁龙675,,128,,2340x1080像素,403ppi,159.43,74.71,8.85,屏幕指纹 ,2019/>,2019,,,3700
vivo Z1 Pro（全网通）,vivo手机,1280702,,,,1,6.53,3,1600,800,200,,,1,2000,,,,,高通,高通 骁龙712,8,128,,2340x1080像素,394ppi,157.25,77.33,7.26,,2019/07/,2019,07,,5000
vivo V5 Plus（全网通）,vivo手机,1164208,,,,,,1,2000,,,,,1,1200,200,,,,高通,高通 骁龙625（MSM8953）,4,64,,1920x1080像素,401ppi,162.39,74,8.09,前置指纹 ,2017/>,2017,,,
vivo V1820T（全网通）,vivo手机,1248809,,1,,1,6.39,3,1200,1300,200,,,2,,,,,,高通,高通 骁龙710AIE,8,128,,2340x1080像素,404ppi,152.58,75.3,,屏幕指纹 ,2019/01/>,2019,01,,3425
vivo Y83 Pro（全网通）,vivo手机,1228565,,,,1,6.22,2,1300,200,,,,,800,,,,,1300万像素+200万像素,1300万像素+200万像素,4,64,,,,157.19,,,,2018/>,2018,,,
vivo U10（全网通）,vivo手机,1294441,,1,,1,6.53,3,1300,800,200,,,1,2400,,,,,高通,高通 骁龙665,,32,,,258ppi,,,,后置指纹 ,2019/>,2019,,,5000
vivo Z10（全网通）,vivo手机,1222132,,,,,,1,2400,,,,,1,500,,,,,高通,高通 骁龙450,4,32,,,269ppi,,,,后置指纹 ,2018/>,2018,,,
vivo 1916（全网通）,vivo手机,1286805,,,,,,,,,,,,1,,,,,,高通,高通 骁龙665,3,32,,,40ppi,,,,,2019/>,2019,,,
vivo 1805（全网通）,vivo手机,1222104,,,,,,,,,,,,,800,,,,,高通,高通 骁龙845,8,,,,,,,8.41,,2018/>,2018,,,
vivo Y20i（3GB/64GB/全网通/5G版）,vivo手机,1338633,,,,1,6.51,3,1300,200,200,,,1,3200,,,,,高通,高通 骁龙460,3,64,,,,,76.32,8.83,侧面指纹,2020/8/,2020,8,,5000
vivo X50 Pro+（12GB/256GB/全网通/5G版/aw联名限定版）,vivo手机,1338808,5998,1,,1,6.56,4,5000,3200,1300,1300,,1,,,,,,高通,高通 骁龙865,12,256,1,2376x1080像素,398ppi,164.41,73,9.9,屏幕指纹 ,2020/>,2020,,,4350
vivo S7i（t） 2012版（移动版）,vivo手机,367320,,,,,,,,,,,,,,,,,,,,,4,,,233ppi,158.5,64,8.28,,2013/,2013,,,
vivo Y93（4GB RAM/全网通）,vivo手机,1237418,,0,,1,,,,,,,,,,,,,,,,,64,,,270ppi,123,75.09,9.9,,2018/11/,2018,11,,
vivo S7 2012版(全网通）,vivo手机,325644,,,,,,,,,,,,,,,,,,,,,4,,,233ppi,155.11,64,9.9,,2012/06/,2012,06,,
vivo S7t 2012版（移动版）,vivo手机,359833,,,,,,,,,,,,,3200,,,,,,,,4,,,233ppi,123,64,7.6,,2013/,2013,,,
OPPO Reno4 Pro（8GB/128GB/全网通/5G版）,OPPO手机,1326541,3799,1,,1,6.5,3,4800,1200,1300,,,1,3200,,,,,高通,高通 骁龙765G,8,128,1,2400x1080像素,402ppi,123,72.5,3000（普通模式），前置最大尺寸为 6560,屏幕指纹 ,2020/06/5,2020,06,,4000
OPPO Find X2 Pro（12GB/256GB/全网通/5G版）,OPPO手机,1313854,5999,1,IP68,1,6.7,3,4800,4800,1300,,,1,3200,200,,,,高通,高通 骁龙865,12,256,1,,513ppi,159.6,6000（4800万像素模式）及4000,7.8,屏幕指纹 ,2020/3/6,2020,3,,4260
OPPO Reno4（8GB/128GB/全网通/5G版）,OPPO手机,1322834,2999,1,,1,6.4,3,4800,800,200,,,2,1600,200,,,,高通,高通 骁龙765G,8,128,1,2400x1080像素,409ppi,"3.84mm前置摄像头孔径
超感多焦段影像系统
后置主摄镜头：1/1.4""感光面积，全像素全向对焦，双原生ISO，最高12 bit超精图像采集
超广角镜头：1/2""感光面积，3cm超级微距
对焦方式：反差对焦+相位对焦+激光对焦
防抖：OIS光学防抖+EIS电子防抖
图像尺寸：后置最大尺寸为8000",74,8.1,屏幕指纹 ,2020/06/5,2020,06,,4020
OPPO A92s（6GB/128GB/全网通/5G版）,OPPO手机,1318728,1999,0,,1,6.57,4,4800,800,200,200,,2,1600,,,,,联发科,联发科 天玑800,6,128,1,2400x1080像素,401ppi,159.3,75.5,8.6,侧面指纹,2020/04/30,2020,04,,4000
OPPO Ace2（8GB/128GB/全网通/5G版）,OPPO手机,1316807,3299,1,,1,6.55,4,4800,800,200,200,,1,800,,,,,高通,高通 骁龙865,8,128,1,2400x1080像素,402ppi,163.8,75.4,7.9,屏幕指纹 ,2020/4/13,2020,4,1,4000
OPPO A72（8GB/128GB/全网通/5G版）,OPPO手机,1320397,1799,,,1,6.5,3,1600,800,200,,,1,1600,,,,,联发科,联发科 天玑720,8,128,1,2400x1080像素,,160,75,,侧面指纹,2020/07/,2020,07,,4040
OPPO Reno Ace（8GB/128GB/全网通）,OPPO手机,1292109,2699,1,,1,6.5,4,4800,1300,800,200,,1,3200,,,,,高通,高通 骁龙855 Plus,8,128,,2400x1080像素,402ppi,162.2,,3000（普通模式），前置最大尺寸为 6560,屏幕指纹 ,2019/10/10,2019,10,,4000
OPPO Find X2（8GB/128GB/全网通/5G版）,OPPO手机,1280310,4499,1,IP54,1,6.7,3,4800,1200,1300,,,1,3200,,,,,高通,高通 骁龙865,8,128,1,,513ppi,,6000（4800万像素模式）及4000,7.96,屏幕指纹 ,2020/3/6,2020,3,,4200
OPPO K7（8GB/128GB/全网通/5G版）,OPPO手机,1334225,1999,1,,1,6.44,4,4800,800,200,200,,1,3200,,,,,高通,高通 骁龙765G,8,128,1,2400x1080像素,,"超感多焦段影像系统
3.84mm前置摄像头孔径
后置主摄镜头：1/2""感光面积
超广角镜头：1/2.4""感光面积，3cm微距
对焦方式：反差对焦+相位对焦+激光对焦
防抖：OIS光学防抖+EIS电子防抖
图像尺寸：后置最大尺寸为8000",74.3,7.96,屏幕指纹 ,2020/>,2020,,,4025
OPPO Reno3（8GB/128GB/全网通/5G版）,OPPO手机,1300919,2699,1,,1,6.4,4,6400,800,200,200,,1,800,,,,,联发科,联发科 天玑1000L,8,128,1,2400x1080像素,408ppi,160.3,74.3,,屏幕指纹 ,2019/12/26,2019,12,,4025
OPPO A8（4GB/128GB/全网通）,OPPO手机,1305856,1199,,,1,6.5,3,1200,200,200,,,1,800,,,,,联发科,联发科 Helio P35（MT6765）,4,128,,,,160.3,,8.9,后置指纹 ,2019/12/26,2019,12,,4230
OPPO A52（8GB/128GB/全网通）,OPPO手机,1319916,1599,0,,1,6.5,4,1200,800,200,200,,1,800,,,,,高通,高通 骁龙665,8,128,,2400x1080像素,405ppi,,75.5,,侧面指纹,2020/04/,2020,04,,5000
OPPO A11（4GB/128GB/全网通）,OPPO手机,1295487,1099,0,,1,6.5,4,1200,800,200,200,,1,3200,,,,,高通,高通 骁龙665,4,128,,,270ppi,162,,8.55,后置指纹 ,2019/10/,2019,10,,5000
OPPO K5（6GB/128GB/全网通）,OPPO手机,1294112,1699,1,,1,6.4,4,6400,800,200,200,,1,3200,,,,,高通,高通 骁龙730G,6,128,,2340x1080像素,402ppi,,75.16,7.6,屏幕指纹 ,2019/10/10,2019,10,,4000
OPPO Reno4 Pro（12GB/256GB/全网通/5G版）,OPPO手机,1326648,4299,1,,1,6.5,3,4800,1200,1300,,,1,1600,,,,,高通,高通 骁龙765G,12,256,1,2400x1080像素,402ppi,158.7,72.5,,屏幕指纹 ,2020/06/5,2020,06,,4000
OPPO A11x（8GB/128GB/全网通）,OPPO手机,1293959,1599,0,,1,6.5,4,4800,800,200,200,,1,1600,,,,,高通,高通 骁龙665,8,128,,,269ppi,159.6,,,后置指纹 ,2019/>,2019,,,5000
OPPO A91（8GB/128GB/全网通）,OPPO手机,1305852,1599,1,,1,6.4,4,4800,800,200,200,,1,3200,,,,,联发科,联发科 Helio P70,8,128,,2400x1080像素,,,,,屏幕指纹 ,2019/12/26,2019,12,,4000
OPPO Reno3 Pro（8GB/128GB/全网通/5G版）,OPPO手机,1302451,3499,1,,1,6.5,4,4800,1300,800,200,,1,800,,,,,高通,高通 骁龙765G,8,128,1,2400x1080像素,,,,8.2,屏幕指纹 ,2019/12/26,2019,12,,4025
OPPO A5（4GB RAM/全网通）,OPPO手机,1221126,899,0,,1,6.2,2,1300,200,,,,1,3200,,,,,高通,高通 骁龙450B,4,64,,,271ppi,,75.6,3000（普通模式），前置最大尺寸为 6560,,2018/07/05,2018,07,,4230
OPPO Find X2（8GB/256GB/全网通/5G版）,OPPO手机,1313856,4999,1,IP54,1,6.7,3,4800,1200,1300,,,1,1600,,,,,高通,高通 骁龙865,8,256,1,,513ppi,156.2,6000（4800万像素模式）及4000,9,屏幕指纹 ,2020/3/6,2020,3,,4200
OPPO Reno（6GB RAM/128GB/全网通）,OPPO手机,1261155,,1,,1,6.4,2,4800,500,,,,1,2500,,,,,高通,高通 骁龙710,6,128,,2340x1080像素,402ppi,"超感多焦段影像系统
3.84mm前置摄像头孔径
后置主摄镜头：1/2""感光面积
超广角镜头：1/2.4""感光面积，3cm微距
对焦方式：反差对焦+相位对焦+激光对焦
防抖：OIS光学防抖+EIS电子防抖
图像尺寸：后置最大尺寸为8000",74.3,9.6,屏幕指纹 ,2019/04/10,2019,04,,3765
OPPO Find X（标准版/全网通）,OPPO手机,1213467,,1,,1,6.42,2,2000,1600,,,,1,1600,,,,,高通,高通 骁龙845,8,128,,2340x1080像素,401ppi,156.6,74.2,,,2018/07/13,2018,07,,3730
OPPO Reno2（8GB/128GB/全网通）,OPPO手机,1288887,1999,1,,1,6.5,4,4800,1300,800,200,,1,1600,,,,,高通,高通 骁龙730G,8,128,,2400x1080像素,401ppi,156.7,,,屏幕指纹 ,2019/09/10,2019,09,,4000
OPPO A9（6GB/128GB/全网通）,OPPO手机,1270291,,,,1,6.53,2,1600,200,,,,1,3200,200,,,,联发科,联发科 Helio P70,6,128,,2340x1080像素,,,,7.8,后置指纹 ,2019/04/,2019,04,,4020
OPPO Reno4（8GB/256GB/全网通/5G版）,OPPO手机,1326647,3299,1,,1,6.4,3,4800,800,200,,,2,1600,,,,,高通,高通 骁龙765G,8,256,1,2400x1080像素,409ppi,,74,8.6,屏幕指纹 ,2020/06/5,2020,06,,4020
OPPO Ace2（8GB/256GB/全网通/5G版）,OPPO手机,1318293,3699,1,,1,6.55,4,4800,800,200,200,,1,1600,200,,,,高通,高通 骁龙865,8,256,1,2400x1080像素,402ppi,159.3,75.4,8.1,屏幕指纹 ,2020/4/13,2020,4,1,4000
OPPO A92s（8GB/128GB/全网通/5G版）,OPPO手机,1319752,2199,0,,1,6.57,4,4800,800,200,200,,2,3200,,,,,联发科,联发科 天玑800,8,128,1,2400x1080像素,,160,75.5,7.96,侧面指纹,2020/04/30,2020,04,,4000
OPPO Reno3（8GB/128GB/全网通/5G版/元气版）,OPPO手机,1310548,,1,,1,6.4,4,4800,800,200,200,,1,1600,,,,,高通,高通 骁龙765,8,128,1,2400x1080像素,408ppi,163.8,74.3,9.4,屏幕指纹 ,2019/12/26,2019,12,,4025
OPPO K3（6GB/64GB/全网通）,OPPO手机,1249492,1399,1,,1,6.5,2,1600,200,,,,1,800,,,,,高通,高通 骁龙710,6,64,,2340x1080像素,394ppi,160.3,76,,屏幕指纹 ,2019/05/,2019,05,,3765
OPPO A11（4GB/64GB/全网通）,OPPO手机,1318903,,0,,1,6.5,4,1200,800,200,200,,1,1600,200,,,,高通,高通 骁龙665,4,64,,,270ppi,161.2,,8.1,后置指纹 ,2019/10/,2019,10,,5000
OPPO A92s（8GB/256GB/全网通/5G版）,OPPO手机,1325348,2499,0,,1,6.57,4,4800,800,200,200,,2,1600,,,,,联发科,联发科 天玑800,8,256,1,2400x1080像素,,,75.5,8.7,侧面指纹,2020/04/30,2020,04,,4000
OPPO Reno2 Z（8GB/128GB/全网通）,OPPO手机,1290000,1699,1,,1,6.5,4,4800,800,200,200,,1,1600,,,,,联发科,联发科 Helio P90,8,128,,2340x1080像素,,163.8,75.8,9.3,屏幕指纹 ,2019/10/,2019,10,,4000
OPPO Reno 10倍变焦版（8GB/256GB/全网通）,OPPO手机,1267000,,1,,1,6.6,3,4800,1300,800,,,1,3200,,,,,高通,高通 骁龙855,8,256,,2340x1080像素,387ppi,161.8,77.2,7.6,屏幕指纹 ,2019/04/10,2019,04,,4065
OPPO Reno4 Pro（12GB/256GB/全网通/5G版/艺术家限定版）,OPPO手机,1336132,,1,,1,6.5,3,4800,1200,1300,,,1,2500,,,,,高通,高通 骁龙765G,12,256,1,2400x1080像素,402ppi,162,72.5,7.4,屏幕指纹 ,2020/8/21,2020,8,,4000
OPPO K1（4GB RAM/全网通）,OPPO手机,1233423,1199,1,,1,6.4,2,1600,200,,,,1,1600,,,,,高通,高通 骁龙660AIE,4,64,,2340x1080像素,403ppi,159.6,75.5,,屏幕指纹 ,2018/10/10,2018,10,,3600
OPPO A9（4GB/128GB/全网通）,OPPO手机,1288979,,,,1,6.53,2,1600,200,,,,1,1600,,,,,联发科,联发科 Helio P70,4,128,,,,158.3,,8.1,后置指纹 ,2019/04/,2019,04,,4020
OPPO A7（4GB RAM/全网通）,OPPO手机,1232384,,0,,1,6.2,2,1300,200,,,,1,3200,,,,,高通,高通 骁龙450B,4,64,,,271ppi,,75.4,9.1,后置指纹 ,2018/11/,2018,11,,4230
OPPO Reno Z（6GB/256GB/全网通）,OPPO手机,1273752,,1,,1,6.4,2,4800,500,,,,1,3200,,,,,联发科,联发科 Helio P90,6,256,,2340x1080像素,403ppi,155.9,74.9,8.55,屏幕指纹 ,2019/05/,2019,05,,4035
OPPO K5（8GB/128GB/全网通）,OPPO手机,1295762,1699,1,,1,6.4,4,6400,800,200,200,,1,1600,,,,,高通,高通 骁龙730G,8,128,,2340x1080像素,402ppi,157.3,75.16,8.6,屏幕指纹 ,2019/10/10,2019,10,,4000
OPPO Ace2（12GB/256GB/全网通/5G版）,OPPO手机,1318294,3999,1,,1,6.55,4,4800,800,200,200,,1,1600,,,,,高通,高通 骁龙865,12,256,1,2400x1080像素,402ppi,158.7,75.4,9.3,屏幕指纹 ,2020/4/13,2020,4,1,4000
OPPO Reno 10倍变焦版（6GB/128GB/全网通）,OPPO手机,1266990,,1,,1,6.6,3,4800,1300,800,,,1,3200,,,,,高通,高通 骁龙855,6,128,,2340x1080像素,387ppi,160,77.2,7.96,屏幕指纹 ,2019/04/10,2019,04,,4065
OPPO K7（8GB/256GB/全网通/5G版）,OPPO手机,1334226,2299,1,,1,6.44,4,4800,800,200,200,,1,3200,,,,,高通,高通 骁龙765G,8,256,1,2400x1080像素,,162,74.3,7.6,屏幕指纹 ,2020/>,2020,,,4025
OPPO Reno4 Pro（12GB/256GB/全网通/5G版/2020夏日定制版）,OPPO手机,1326649,,1,,1,6.5,3,4800,1200,1300,,,1,800,,,,,高通,高通 骁龙765G,12,256,1,2400x1080像素,402ppi,160.3,72.5,,屏幕指纹 ,2020/06/5,2020,06,,4000
OPPO A8（6GB/128GB/全网通）,OPPO手机,1318959,1299,,,1,6.5,3,1200,200,200,,,1,1600,,,,,联发科,联发科 Helio P35（MT6765）,6,128,,,,159.6,,,后置指纹 ,2019/12/26,2019,12,,4230
OPPO A9x（6GB/128GB/全网通） ,OPPO手机,1273495,2029,,,1,6.53,2,4800,500,,,,1,800,,,,,联发科,联发科 Helio P70,6,128,,,,,,,后置指纹 ,2019/>,2019,,,4020
OPPO A11（6GB/128GB/全网通）,OPPO手机,1310016,1299,0,,1,6.5,4,1200,800,200,200,,1,800,,,,,高通,高通 骁龙665,6,128,,,270ppi,,,,后置指纹 ,2019/10/,2019,10,,5000
OPPO A11（6GB/256GB/全网通）,OPPO手机,1310017,1499,0,,1,6.5,4,1200,800,200,200,,1,3200,,,,,高通,高通 骁龙665,6,256,,,270ppi,,,7.96,后置指纹 ,2019/10/,2019,10,,5000
OPPO Reno3（12GB/128GB/全网通/5G版）,OPPO手机,1306809,2699,1,,1,6.4,4,6400,800,200,200,,1,3200,,,,,联发科,联发科 天玑1000L,12,128,1,2400x1080像素,408ppi,,74.3,,屏幕指纹 ,2019/12/26,2019,12,,4025
OPPO Reno3 Pro（12GB/256GB/全网通/5G版）,OPPO手机,1306791,3799,1,,1,6.5,4,4800,1300,800,200,,1,1600,,,,,高通,高通 骁龙765G,12,256,1,2400x1080像素,,160.3,,8.6,屏幕指纹 ,2019/12/26,2019,12,,4025
OPPO Ace2（8GB/256GB/全网通/5G版/EVA限定版）,OPPO手机,1325363,4399,1,,1,6.55,4,4800,800,200,200,,1,3200,,,,,高通,高通 骁龙865,8,256,1,2400x1080像素,402ppi,,75.4,8.55,屏幕指纹 ,2020/05/28,2020,05,1,4000
OPPO K5（8GB/256GB/全网通）,OPPO手机,1295765,1999,1,,1,6.4,4,6400,800,200,200,,1,1600,,,,,高通,高通 骁龙730G,8,256,,2340x1080像素,402ppi,160,75.16,,屏幕指纹 ,2019/10/10,2019,10,,4000
OPPO Reno Ace（8GB/256GB/全网通）,OPPO手机,1295809,2899,1,,1,6.5,4,4800,1300,800,200,,1,3200,,,,,高通,高通 骁龙855 Plus,8,256,,2400x1080像素,402ppi,158.7,,7.96,屏幕指纹 ,2019/10/10,2019,10,,4000
OPPO Find X2 Lite（8GB/128GB/全网通/5G版）,OPPO手机,1319794,,1,,1,6.4,4,4800,800,200,200,,1,800,,,,,高通,高通 骁龙765G,8,128,1,2400x1080像素,411ppi,,74.3,8.2,屏幕指纹 ,2020/04/,2020,04,,4025
OPPO A5（3GB RAM/全网通）,OPPO手机,1233928,799,0,,1,6.2,2,1300,200,,,,1,2500,,,,,高通,高通 骁龙450B,3,32,,,271ppi,160.3,75.6,9.6,,2018/07/05,2018,07,,4230
OPPO Find X兰博基尼版（全网通）,OPPO手机,1220645,,1,,1,6.42,2,2000,1600,,,,1,1600,,,,,高通,高通 骁龙845,8,512,,2340x1080像素,401ppi,156.2,74.2,9.4,,2018/08/,2018,08,,3400
OPPO K3（8GB/128GB/全网通）,OPPO手机,1275905,1799,1,,1,6.5,2,1600,200,,,,1,1600,800,500,,,高通,高通 骁龙710,8,128,,2340x1080像素,394ppi,156.7,76,,屏幕指纹 ,2019/05/,2019,05,,3765
OPPO R19（全网通）,OPPO手机,1248873,,,,1,6.4,1,4000,,,,,3,2500,,,,,高通,高通 骁龙725,6,128,,2340x1080像素,,161.2,,7.4,屏幕指纹 ,2019/>,2019,,,3700
OPPO K1（6GB RAM/全网通）,OPPO手机,1233711,1399,1,,1,6.4,2,1600,200,,,,1,1600,,,,,高通,高通 骁龙660AIE,6,64,,2340x1080像素,403ppi,,75.5,,屏幕指纹 ,2018/10/10,2018,10,,3600
OPPO Reno Ace（12GB/256GB/全网通）,OPPO手机,1295810,,1,,1,6.5,4,4800,1300,800,200,,1,3200,,,,,高通,高通 骁龙855 Plus,12,256,,2400x1080像素,402ppi,158.3,,3000（普通模式），前置最大尺寸为 6560,屏幕指纹 ,2019/10/10,2019,10,,4000
OPPO Find X2 Pro兰博基尼版（12GB/512GB/全网通/5G版）,OPPO手机,1313858,12999,1,IP68,1,6.7,3,4800,4800,1300,,,1,3200,,,,,高通,高通 骁龙865,12,512,1,,513ppi,,6000（4800万像素模式）及4000,7.6,屏幕指纹 ,2020/3/6,2020,3,,4260
OPPO Reno5 Pro（全网通/5G版）,OPPO手机,1337045,,1,,1,6.5,3,4800,1200,1300,,,1,1600,,,,,高通,高通 骁龙860,,,1,2400x1080像素,,"3.84mm前置摄像头孔径
超感多焦段影像系统
后置主摄镜头：1/1.4""感光面积，全像素全向对焦，双原生ISO，最高12 bit超精图像采集
超广角镜头：1/2""感光面积，3cm超级微距
对焦方式：反差对焦+相位对焦+激光对焦
防抖：OIS光学防抖+EIS电子防抖
图像尺寸：后置最大尺寸为8000",72.5,9.1,屏幕指纹 ,2020/>,2020,,1,4000
OPPO A9 2020（8GB/128GB/全网通）,OPPO手机,1290962,,,,1,6.5,4,4800,800,200,200,,1,1600,,,,,高通,高通 骁龙668,8,128,,,,159.6,75.6,,后置指纹 ,2019/>,2019,,,5000
OPPO A7n,OPPO手机,1266011,,,,1,6.2,2,1300,200,,,,1,800,,,,,联发科,联发科 MT6765,4,64,,,271ppi,163.6,,8.2,后置指纹 ,4G手机>，3G手机>，智能手机>，平板手机>，拍照手机>，政企定制手机,4,3,,4230
OPPO R15s（全网通）,OPPO手机,1214344,,,,,6.2,2,1300,200,,,,1,2500,,,,,高通,高通 骁龙,4,64,,,271ppi,,75.6,9.6,后置指纹 ,2018/>,2018,,,
OPPO Find X（超级闪充版/全网通） ,OPPO手机,1221830,,1,,1,6.42,2,2000,1600,,,,1,1600,,,,,高通,高通 骁龙845,8,256,,2340x1080像素,401ppi,156.2,74.2,9.3,,2018/08/,2018,08,,3400
OPPO Reno（5G版/全网通）,OPPO手机,1273748,,1,,1,6.6,3,4800,1300,800,,,1,3200,,,,,高通,高通 骁龙855,6,128,1,2340x1080像素,387ppi,156.7,77.2,9.1,屏幕指纹 ,2019/>,2019,,,4065
OPPO Reno Z（8GB/128GB/全网通）,OPPO手机,1277451,,1,,1,6.4,2,4800,500,,,,1,800,,,,,联发科,联发科 Helio P90,8,128,,2340x1080像素,403ppi,162,74.9,8.2,屏幕指纹 ,2019/>,2019,,,4035
OPPO A5（移动定制版/全网通） ,OPPO手机,1221131,,0,,1,6.2,2,1300,200,,,,1,3200,,,,,高通,高通 骁龙450B,4,64,,,271ppi,157.3,75.6,,,2018/07/05,2018,07,,4230
OPPO Reno3 Pro（8GB/128GB/全网通/5G版/Pantone经典蓝定制版） ,OPPO手机,1306802,4199,1,,1,6.5,4,4800,1300,800,200,,1,1600,,,,,高通,高通 骁龙765G,8,128,1,2400x1080像素,,156.2,,9.5,屏幕指纹 ,2019/12/26,2019,12,,4025
OPPO Reno 10倍变焦版（12GB/256GB/全网通/5G版） ,OPPO手机,1291146,,1,,1,6.6,3,4800,1300,800,,,1,3200,,,,,高通,高通 骁龙855 Plus,12,256,1,2340x1080像素,,,76.6,7.6,屏幕指纹 ,2019/>,2019,,,3930
OPPO Reno5（全网通/5G版）,OPPO手机,1336826,,1,,1,6.5,3,4800,1200,1300,,,1,800,,,,,高通,高通 骁龙775G,12,256,1,2400x1080像素,402ppi,161.8,72.5,8.2,屏幕指纹 ,2020/>,2020,,1,4000
OPPO A5s（全网通） ,OPPO手机,1272300,,,,1,6.2,2,1300,200,,,,1,1600,,,,,联发科,联发科 MT6765,4,32,,,271ppi,159.6,75.4,9.3,后置指纹 ,2019/>,2019,,,4230
OPPO Reno 10倍变焦版（6GB/256GB/全网通）,OPPO手机,1268851,,1,,1,6.6,3,4800,1300,800,,,1,1600,,,,,高通,高通 骁龙855,6,256,,2340x1080像素,387ppi,155.9,77.2,,屏幕指纹 ,2019/04/10,2019,04,,4065
OPPO Find Z（全网通）,OPPO手机,1255249,,,,,,3,2400,1600,800,,,1,3200,,,,,高通,高通 骁龙855,6,128,1,,549ppi,162,,,,2019/>,2019,,,4500
OPPO F11 Pro（全网通）,OPPO手机,1257077,,,,1,6.4,2,4000,500,,,,1,1600,800,500,,,联发科,联发科 SoC,6,128,1,,,,,,,2019,2019,,,4000
OPPO R19 Pro（全网通）,OPPO手机,1248878,,,,1,6.4,1,4000,,,,,3,800,,,,,高通,高通 骁龙725,8,256,,2340x1080像素,,,,,屏幕指纹 ,2019/>,2019,,,3700
OPPO A3s（全网通）,OPPO手机,1222890,,,,1,6.2,2,1300,200,,,,1,,,,,,高通,高通 骁龙450,3,32,,,271ppi,,,,,2018/>,2018,,,4230
OPPO F9（全网通）,OPPO手机,1224911,,,,1,,,,,,,,,2,,,,,联发科,联发科 Helio P60（MT6771）,,,,,,,,,,2018/>,2018,,,
OPPO F7（全网通）,OPPO手机,1209152,,,,1,6.2,1,2500,,,,,1,800,,,,,高通,高通 骁龙670,,,,,,,,8.2,,2018/>,2018,,,
OPPO AX5（3GB/64GB/全网通）,OPPO手机,1228566,,,IP67,,6.2,2,1300,200,,,,1,,,,,,高通,高通 骁龙450,3,64,,,271ppi,,75.6,,后置指纹 ,2018/>,2018,,,4230
OPPO 可折叠手机（全网通）,OPPO手机,1207284,,,,,,,,,,,,,2500,,,,,,,,,,,,156.2,,9.6,,2019/>,2019,,,
OPPO Find X（10GB RAM/全网通）,OPPO手机,1233082,,1,,1,6.42,2,2000,1600,,,,1,1600,,,,,高通,高通 骁龙845,10,256,,2340x1080像素,401ppi,,74.2,,,2018/>,2018,,,3730
OPPO Find 9（移动4G）,OPPO手机,389268,,,,,,1,2100,,,,,1,1600,,,,,高通,高通 骁龙821（MSM8996 Pro）,,64,,,549ppi,156.7,,8.1,,2018/>,2018,,,4100
OPPO A7（3GB RAM/全网通）,OPPO手机,1239500,,0,,1,6.2,2,1300,200,,,,1,800,,,,,高通,高通 骁龙450B,3,64,,,271ppi,,75.4,8.2,,2018/11/,2018,11,,4230
OPPO AX5s（3GB/64GB/全网通）,OPPO手机,1297922,,,IP67,1,6.2,2,1300,200,,,,1,1600,200,,,,联发科,联发科 MT6765,3,64,,,271ppi,155.9,75.4,,后置指纹 ,2019/>,2019,,,4230
OPPO F9 Pro（全网通）,OPPO手机,1228346,,,,1,6.3,1,2500,,,,,2,,,,,,联发科,联发科 Helio P60（MT6771）,,64,,,,155.9,,,,2018/>,2018,,,3500
OPPO Reno2F（全网通）,OPPO手机,1290003,,1,,1,6.53,4,4800,800,200,200,,,,,,,,联发科,联发科 Helio P70,8,128,,2340x1080像素,,,,9.6,屏幕指纹 ,2019/>,2019,,,
OPPO 瀑布屏手机,OPPO手机,1285648,,1,,1,6.42,2,2000,1600,,,,,2500,,,,,高通,高通 骁龙845,8,128,,2340x1080像素,,,74.2,7.8,,2019/>,2019,,,3730
OPPO Reno A（全网通）,OPPO手机,1291966,,1,,1,6.5,2,1600,200,,,,1,2500,1200,,,,高通,高通 骁龙710,6,64,,,,156.7,75.4,,屏幕指纹 ,2019/>,2019,,,3600
OPPO F10 Pro（全网通）,OPPO手机,1249737,,1,,1,6.42,4,4800,2100,1600,800,,2,2500,,,,,高通,高通 骁龙855,12,512,,2340x1080像素,401ppi,158.4,,,屏幕指纹 ,2019/>,2019,,,4500
OPPO Find X（国际版/全网通）,OPPO手机,1220675,,1,,1,6.42,2,1600,2000,,,,1,,,,,,高通,高通 骁龙845,8,256,,,,,,,,2018/06/,2018,06,,3730
OPPO MIX（全网通）,OPPO手机,1183683,,1,,1,,,,,,,,,800,,,,,高通,高通 骁龙835（MSM8998）,6,,,,,,,7.7,,2018/>,2018,,,
OPPO A1s（全网通）,OPPO手机,1278832,,,,1,,2,1300,500,,,,1,,,,,,联发科,联发科 MT6763T,3,32,,,282ppi,,73.1,,,2018/04/01,2018,04,,
OPPO Find Y（全网通）,OPPO手机,1290979,,,,,,,,,,,,,,,,,,高通,高通 骁龙,,,1,,,150.5,,,,2019/>,2019,,,
OPPO 5X Zoom（全网通） ,OPPO手机,1166362,,,,,,,,,,,,,,,,,,,,,,,,,,,7.3,,2017/>,2017,,,
OPPO R9s Plus（全网通）,OPPO手机,1157839,,0,,0,,,,,,,,,1200,,,,,,,,64,,,368ppi,,80.8,,前置指纹 ,2016/12/>,2016,12,,
苹果iPhone12,苹果手机,1331417,,1,,1,,2,1400,1000,,,,1,1200,,,,,苹果,苹果 A14,4,64,1,2340x1080像素,475ppi,163.6,,8.3,,2020/09/16,2020,09,,
苹果iPhone 11（4GB/64GB/全网通）,苹果手机,1209686,5499,0,,1,6.1,2,1200,1200,,,,1,700,,,,,苹果,苹果 A13,4,64,,,326ppi,,75.7,7.3,,2019/09/11,2019,09,1,
苹果iPhone SE 2（3GB/64GB/全网通）,苹果手机,1166581,3299,0,,0,,,,,,,,1,1200,,,,,苹果,苹果 A13,3,64,,,326ppi,150.9,67.3,8.3,前置指纹 ,2020/04/15,2020,04,1,
苹果iPhone 11（4GB/128GB/全网通）,苹果手机,1292156,5899,0,,1,6.1,2,1200,1200,,,,1,1200,,,,,苹果,苹果 A13,4,128,,,326ppi,138.4,75.7,8.1,,2019/09/11,2019,09,1,
苹果iPhone 11 Pro Max（4GB/64GB/全网通）,苹果手机,1290078,9599,1,IP68,1,6.5,3,1200,1200,1200,,,1,1200,,,,,苹果,苹果 A13,4,64,,2688x1242像素,458ppi,150.9,77.8,8.1,,2019/09/11,2019,09,1,3969
苹果iPhone 11 Pro（4GB/64GB/全网通）,苹果手机,1280696,8699,1,IP68,0,,3,1200,1200,1200,,,1,700,,,,,苹果,苹果 A13,4,64,,2436x1125像素,458ppi,158,71.4,8.3,,2019/09/11,2019,09,1,
苹果iPhone XR（全网通）,苹果手机,1205394,4349,0,IP67,1,6.1,,,,,,,1,700,,,,,苹果,苹果 A12,3,64,,,326ppi,144,75.7,7.7,,2018/10/26,2018,10,1,
苹果iPhone X（全网通）,苹果手机,1182639,4699,1,IP67,1,,1,1200,,,,,1,700,,,,,苹果,苹果 A11+M11协处理器,3,64,,2436x1125像素,458ppi,150.9,70.9,7.7,,2017/11/,2017,11,1,
苹果iPhone XS Max（全网通）,苹果手机,1229520,6099,1,IP68,1,6.5,1,1200,,,,,1,700,,,,,苹果,苹果 A12,4,64,,2688x1242像素,458ppi,143.6,77.4,7.5,,2018/09/21,2018,09,1,
苹果iPhone 8 Plus（全网通）,苹果手机,1182632,3899,,,,,1,1200,,,,,1,1200,,,,,苹果,苹果 A11+M11协处理器,3,64,,1920x1080像素,401ppi,157.5,78.1,8.1,前置指纹 ,2017/09/,2017,09,1,
苹果iPhone 11 Pro Max（4GB/256GB/全网通）,苹果手机,1292176,10899,1,IP68,1,6.5,3,1200,1200,1200,,,1,1200,,,,,苹果,苹果 A13,4,256,,2688x1242像素,458ppi,158.4,77.8,,,2019/09/11,2019,09,1,3969
苹果iPhone12Pro,苹果手机,1280739,,1,,1,6.1,3,1200,1200,1200,,,1,700,,,,,苹果,苹果 A14,6,128,1,2532x1170像素,460ppi,158,,7.3,,2020/09/16,2020,09,,
苹果iPhone 8（全网通）,苹果手机,394162,3499,0,,0,,,,,,,,1,700,,,,,苹果,苹果 A11+M11协处理器,2,64,,,326ppi,,67.3,7.7,前置指纹 ,2017/09/,2017,09,1,
苹果iPhone XS（全网通）,苹果手机,1229519,4699,1,IP68,1,,1,1200,,,,,1,1200,,,,,苹果,苹果 A12,4,64,,2436x1125像素,458ppi,138.4,70.9,8.1,,2018/09/21,2018,09,1,
苹果iPhone 11 Pro Max（4GB/512GB/全网通）,苹果手机,1292177,12699,1,IP68,1,6.5,3,1200,1200,1200,,,1,1200,,,,,苹果,苹果 A13,4,512,,2688x1242像素,458ppi,143.6,77.8,8.3,,2019/09/11,2019,09,1,3969
苹果iPhone 11（4GB/256GB/全网通）,苹果手机,1292157,6699,0,,1,6.1,2,1200,1200,,,,1,700,,,,,苹果,苹果 A13,4,256,,,326ppi,158,75.7,7.3,,2019/09/11,2019,09,1,
苹果iPhone 7 Plus（全网通）,苹果手机,1104332,3599,0,IP67,0,,1,1200,,,,,1,,,,,,苹果,苹果 A10+M10协处理器,3,32,,1920x1080像素,401ppi,150.9,77.9,7.1,前置指纹 ,2016/9/16,2016,9,,
苹果iPhone 7（全网通）,苹果手机,384973,1999,0,IP67,0,,,,,,,,,700,,,,,,,,32,,,326ppi,158.2,67.1,7.3,前置指纹 ,2016/9/16,2016,9,,
苹果iPhone SE 2（3GB/128GB/全网通）,苹果手机,1319322,3799,0,,0,,,,,,,,1,700,,,,,苹果,苹果 A13,3,128,,,326ppi,138.3,67.3,7.3,前置指纹 ,2020/04/15,2020,04,1,
苹果iPhone SE 2（3GB/256GB/全网通）,苹果手机,1319324,4599,0,,0,,,,,,,,1,1200,,,,,苹果,苹果 A13,3,256,,,326ppi,138.4,67.3,8.1,前置指纹 ,2020/04/15,2020,04,1,
苹果iPhone 11 Pro（4GB/256GB/全网通）,苹果手机,1292158,9999,1,IP68,0,,3,1200,1200,1200,,,1,1200,,,,,苹果,苹果 A13,4,256,,2436x1125像素,458ppi,138.4,71.4,,,2019/09/11,2019,09,1,
苹果iPhone12Pro Max,苹果手机,1336667,,1,,1,6.7,3,1200,1200,1200,,,1,1200,,,,,苹果,苹果 A14,6,128,1,2778x1284像素,458ppi,144,,8.1,,2020/09/16,2020,09,,3687
苹果iPhone 11 Pro（4GB/512GB/全网通）,苹果手机,1292159,11799,1,IP68,0,,3,1200,1200,1200,,,1,700,,,,,苹果,苹果 A13,4,512,,2436x1125像素,458ppi,,71.4,7.5,,2019/09/11,2019,09,1,
苹果iPhone 8 Plus（国际版/全网通）,苹果手机,1204817,3038,,,,,1,1200,,,,,1,1200,,,,,苹果,苹果 A11+M11协处理器,3,64,,1920x1080像素,401ppi,144,78.1,,前置指纹 ,2017/09/,2017,09,1,
苹果iPhone12Max,苹果手机,1336666,,1,,1,6.1,2,1400,1000,,,,1,1200,,,,,苹果,苹果 A14,4,128,1,2532x1170像素,460ppi,158.4,,,,2020/09/16,2020,09,,
苹果iPhone 9（全网通）,苹果手机,1203409,,,,,6.2,2,2400,1200,,,,1,700,,,,,苹果,苹果 A12,4,128,,2160x1080像素,,,,8.3,,2018/09/13,2018,09,,3500
苹果iPhone XR 2019（全网通）,苹果手机,1278423,,0,IP67,1,6.1,,,,,,,1,1200,,,,,苹果,苹果 A12,3,64,,,326ppi,,75.7,,,2019/>,2019,,1,
苹果iPhone 11R（全网通）,苹果手机,1272872,,,,,6.1,1,1900,,,,,1,700,,,,,苹果,苹果 A13,4,64,,2436x1125像素,447ppi,150.9,,8.3,,2019/>,2019,,,3400
苹果iPhone XR（国际版/全网通）,苹果手机,1244671,4090,,IP67,1,6.1,,,,,,,1,1200,,,,,苹果,苹果 A12,3,64,,,326ppi,,75.7,,,2018/10/26,2018,10,1,
苹果iPhone 11 Plus（全网通）,苹果手机,1227183,,,,,6.5,1,1900,,,,,1,700,,,,,苹果,苹果 A12,4,64,,,452ppi,150.9,,8.3,,2019/>,2019,,,
苹果iPhone XR（国际版/双4G）,苹果手机,1244673,,,IP67,1,6.1,,,,,,,1,700,,,,,苹果,苹果 A12,3,64,,,326ppi,,75.7,7.3,,2018/10/26,2018,10,1,
苹果iPhone 7 Plus（国际版/全网通）,苹果手机,1155434,,0,IP67,0,,1,1200,,,,,1,700,,,,,苹果,苹果 A10+M10协处理器,3,32,,1920x1080像素,401ppi,150.9,77.9,7.7,前置指纹 ,2016/9/16,2016,9,,
苹果iPhone XS Max（国际版/全网通）,苹果手机,1244581,5958,1,IP68,1,6.5,1,1200,,,,,1,,,,,,苹果,苹果 A12,4,64,,2688x1242像素,458ppi,158.2,77.4,,,2018/09/21,2018,09,1,
苹果iPhone 11s（全网通）,苹果手机,1299582,,,,,,,,,,,,,,,,,,苹果,苹果 A14,,,1,,,157.5,,,,2020/>,2020,,,
苹果iPhone 9 Plus（全网通）,苹果手机,1229526,,,,,,,,,,,,,700,,,,,苹果,苹果 A12,,,,,,,,7.7,,2018/09/13,2018,09,,
苹果iPhone XS（国际版/全网通）,苹果手机,1244552,3838,1,IP68,1,,1,1200,,,,,1,1200,,,,,苹果,苹果 A12,4,64,,2436x1125像素,458ppi,,70.9,,,2018/09/21,2018,09,1,
苹果iPhone X Plus（全网通）,苹果手机,1203189,,,,,6.5,2,2400,1200,,,,1,,,,,,苹果,苹果 A12,4,256,,2160x1080像素,,143.6,,,,2018/09/13,2018,09,,3800
苹果iPhone x Fold（全网通）,苹果手机,1261796,,,,,,,,,,,,,700,,,,,,,,,,,,,,7.7,,2019/>,2019,,,
苹果iPhone XS Max（国际版/双4G）,苹果手机,1244586,6399,1,IP68,1,6.5,1,1200,,,,,1,700,,,,,苹果,苹果 A12,4,64,,2688x1242像素,458ppi,,77.4,7.7,,2018/09/21,2018,09,1,
苹果iPhone XS（国际版/双4G）,苹果手机,1244575,3758,1,IP68,1,,1,1200,,,,,1,1100,,,,,苹果,苹果 A12,4,64,,2436x1125像素,458ppi,157.5,70.9,,,2018/09/21,2018,09,1,
苹果iPhone XI Max（全网通）,苹果手机,1261797,,,,1,,3,1400,1000,700,,,1,,,,,,苹果,苹果 A12,,,,,,143.6,,,,2019/>,2019,,,
苹果iPhone 2019（全网通）,苹果手机,1264050,,,,,6.1,1,1,,,,,,700,,,,,苹果,苹果 A12,,,,,,,,7.7,,2019/09/13,2019,09,,
苹果iPhone X（国际版/全网通）,苹果手机,1204818,3138,1,IP67,1,,1,1200,,,,,1,1200,,,,,苹果,苹果 A11+M11协处理器,3,64,,2436x1125像素,463ppi,,70.9,,,2017/11/,2017,11,1,
苹果iPhone XI（全网通）,苹果手机,1249718,,,,1,6.5,3,2400,1200,800,,,1,700,,,,,苹果,苹果 A12,4,128,,,678ppi,143.6,,7.1,,2019/09/,2019,09,,3500
苹果iPhone 7（国际版/全网通）,苹果手机,1155432,1588,0,IP67,0,,,,,,,,1,,,,,,苹果,苹果 A10+M10协处理器,2,32,,,326ppi,,67.1,,前置指纹 ,2016/9/16,2016,9,,
苹果iPhone 2018（全网通）,苹果手机,1229521,9999,,,,6.1,1,1,,,,,,,,,,,苹果,苹果 A12,,,,,,138.3,,,,2018/09/13,2018,09,,
苹果iPhone X2（全网通）,苹果手机,1229523,9999,,,,,,,,,,,,,,,,,苹果,苹果 A12,,,,,,,,,,2018/09/13,2018,09,,
苹果iPhone X2 Plus（全网通）,苹果手机,1229525,9999,,,,,,,,,,,,,,,,,苹果,苹果 A12,,,,,,,,7.6,,2018/09/13,2018,09,,
苹果iPhone 5S（联通3G）,苹果手机,362834,,,,,,,,,,,,,,,,,,,,,16,,,326ppi,,58.6,,前置指纹 ,2013/09/,2013,09,,
苹果iPhone,苹果手机,97445,,,,,,,,,,,,,,,,,,,,,,,,91ppi,123.8,,7.3,,2007/06/29(美国上市),2007,06,,
苹果iPhone 7 Plus（双4G）,苹果手机,1177080,,,IP67,,,,,,,,,,,,,,,,,,32,,,401ppi,,77.9,7.1,前置指纹 ,2016/9/16,2016,9,,
苹果iPhone 6S（国际版/双4G）,苹果手机,1100448,,,,,,,,,,,,,,,,,,,,,16,,,326ppi,158.2,67.1,7.3,前置指纹 ,2015/09/>,2015,09,,
苹果iPhone 6S Plus（国际版/双4G）,苹果手机,1100450,,,,,,,,,,,,,,,,,,,,,16,,,401ppi,138.3,77.9,,前置指纹 ,2015/09/>,2015,09,,
苹果iPhone Magnet,苹果手机,190417,,1,,,,,,,,,,,,,,,,,,,,,,91ppi,158.2,,7.6,,2009/,2009,,,
苹果iPhone 5（32GB）,苹果手机,282231,,,,,,,,,,,,,,,,,,,,,32,,,326ppi,,58.6,7.6,,2012/09/,2012,09,,
苹果iPhone 5（64GB）,苹果手机,282233,,,,,,,,,,,,,,,,,,,,,64,,,326ppi,123.8,58.6,9.3,,2012/09/,2012,09,,
苹果iPhone 4（8GB/联通版）,苹果手机,304506,,,,,,,,,,,,,,,,,,,,,,,,330ppi,123.8,58.6,9.3,,2011/,2011,,,
苹果iPhone 4S（联通版）,苹果手机,304507,,,,,,,,,,,,,,,,,,,,,8,,,330ppi,115.2,58.6,7.6,,2012/01/,2012,01,,
苹果iPhone 5（联通版）,苹果手机,335493,,,,,,,,,,,,,,,,,,,,,16,,,326ppi,115.2,58.6,9.3,,2012/09/,2012,09,,
苹果iPhone 4（16GB/联通版）,苹果手机,246884,,,,,,,,,,,,,,,,,,,,,,,,330ppi,123.8,58.6,9.3,,2010/09/,2010,09,,
苹果iPhone 4（32GB/联通版）,苹果手机,247183,,,,,,,,,,,,,,,,,,,,,,,,330ppi,115.2,58.6,9.3,,2010/09/,2010,09,,
苹果iPhone 4S（32GB）,苹果手机,300668,,,,,,,,,,,,,,,,,,,,,,,,330ppi,115.2,58.6,9.3,,2011/10/,2011,10,,
苹果iPhone 4S（64GB）,苹果手机,300669,,,,,,,,,,,,,,,,,,,,,,,,330ppi,115.2,58.6,9.3,,2011/10/,2011,10,,
苹果iPhone 4（32GB/施华洛世奇粉色）,苹果手机,271828,,,,,,,,,,,,,,,,,,,,,32,,,330ppi,115.2,58.6,9.3,,2010/08/,2010,08,,
苹果iPhone 4（16GB/白色）,苹果手机,251723,,,,,,,,,,,,,,,,,,,,,16,,,330ppi,115.2,58.6,7.1,,2011/04/,2011,04,,
苹果iPhone 6 Plus（移动4G）,苹果手机,375437,,,,,,,,,,,,,,,,,,,,,16,,,401ppi,115.2,77.8,7.6,前置指纹 ,2014/09/,2014,09,,
苹果iPhone 5S（双4G）,苹果手机,340414,,,,,,,,,,,,,,,,,,,,,16,,,326ppi,158.1,58.6,7.1,前置指纹 ,2013/09/,2013,09,,
苹果iPhone 6S（移动4G）,苹果手机,1104469,,,,,,,,,,,,,,,,,,,,,16,,,326ppi,123.8,67.1,12.3,前置指纹 ,2015/11/>,2015,11,,
苹果iPhone 3GS（16GB）,苹果手机,197403,,,,,,,,,,,,,,,,,,,,,,,,165ppi,138.3,62.1,7.6,,2009/06/,2009,06,,
苹果iPhone SE（全网通）,苹果手机,398689,,,,,,,,,,,,,,,,,,,,,16,,,326ppi,115.5,58.6,7.3,前置指纹 ,2016/03/>,2016,03,,
苹果iPhone 6S Plus（全网通）,苹果手机,398690,2399,,,,,,,,,,,,,,,,,,,,16,,,401ppi,123.8,77.9,9.3,前置指纹 ,2015/09/>,2015,09,,
苹果iPhone 4S（16GB）,苹果手机,281723,,,,,,,,,,,,,,,,,,,,,,,,330ppi,158.2,58.6,8.97,,2011/10/,2011,10,,
苹果iPhone 5C（联通3G）,苹果手机,374327,,,,,,,,,,,,,,,,,,,,,8,,,326ppi,115.2,59.2,7.3,,2013/09/,2013,09,,
苹果iPhone 6S Plus（移动4G）,苹果手机,1104582,,,,,,,,,,,,,,,,,,,,,16,,,401ppi,124.4,77.9,8.97,前置指纹 ,2015/11/>,2015,11,,
苹果iPhone 5C（移动4G）,苹果手机,361781,,,,,,,,,,,,,,,,,,,,,8,,,326ppi,158.2,59.2,8.97,,2013/09/,2013,09,,
苹果iPhone 5C（电信3G）,苹果手机,361783,,,,,,,,,,,,,,,,,,,,,8,,,326ppi,124.4,59.2,7.6,,2013/09/,2013,09,,
苹果iPhone 5S（电信3G）,苹果手机,361785,,,,,,,,,,,,,,,,,,,,,16,,,326ppi,124.4,58.6,7.6,前置指纹 ,2013/09/,2013,09,,
苹果iPhone 5S（移动4G）,苹果手机,361786,,,,,,,,,,,,,,,,,,,,,16,,,326ppi,123.8,58.6,9.3,前置指纹 ,2013/09/,2013,09,,
苹果iPhone 4S（8GB）,苹果手机,361995,,,,,,,,,,,,,,,,,,,,,8,,,330ppi,123.8,58.6,12.3,,2011/10/,2011,10,,
苹果iPhone 3GS（32GB/联通版）,苹果手机,213790,,,,,,,,,,,,,,,,,,,,,32,,,165ppi,115.2,62.1,7.3,,2009/10/,2009,10,,
苹果iPhone 8（国际版/全网通）,苹果手机,1204816,,,,,,,,,,,,,,,,,,,,,64,,,326ppi,115.5,67.3,9.3,前置指纹 ,2017/09/,2017,09,1,
苹果iPhone 4（16GB/C网）,苹果手机,244796,,,,,,,,,,,,,,,,,,,,,,,,330ppi,138.4,55.9,6.9,,2011/02/,2011,02,,
苹果iPhone 6（全网通）,苹果手机,273715,,,,,,,,,,,,,,,,,,,,,16,,,326ppi,112.5,67,7.6,前置指纹 ,2014/09/,2014,09,,
苹果iPhone SE（国际版）,苹果手机,1141083,,,,,,,,,,,,,,,,,,,,,16,,,326ppi,138.1,58.6,7.1,前置指纹 ,2016/03/>,2016,03,,
苹果iPhone 6 Plus（全网通）,苹果手机,388271,,,,,,,,,,,,,,,,,,,,,16,,,401ppi,123.8,77.8,9.3,前置指纹 ,2014/09/,2014,09,,
苹果iPhone 4S（白色）,苹果手机,298968,,,,,,,,,,,,,,,,,,,,,,,,330ppi,158.1,58.6,,,2011/10/,2011,10,,
苹果iPhone 3G（16GB）,苹果手机,147351,,,,,,,,,,,,,,,,,,,,,,,,91ppi,115.2,,7.1,,2008/07/,2008,07,,
苹果iPhone 6S（全网通）,苹果手机,368535,,,,,,,,,,,,,,,,,,,,,16,,,326ppi,,67.1,9.3,前置指纹 ,2015/09/>,2015,09,,
苹果iPhone 4（16GB）,苹果手机,227845,,,,,,,,,,,,,,,,,,,,,,,,330ppi,138.3,58.6,9.3,,2010/06/,2010,06,,
苹果iPhone 4（32GB）,苹果手机,227848,,,,,,,,,,,,,1000,,,,,,,,,,,330ppi,115.2,58.6,8.1,,2010/06/,2010,06,,
三星Galaxy Note 20 Ultra（12GB/256GB/全网通/5G版）,三星手机,1330551,9199,1,IP68,1,6.9,3,10800,1200,1200,,,1,1000,,,,,高通,高通 骁龙865 Plus,12,256,1,,,115.2,77.2,8.3,屏幕指纹 ,2020/08/05,2020,08,1,4500
三星Galaxy Note 20（8GB/256GB/全网通/5G版）,三星手机,1315023,7399,1,IP68,1,6.7,3,6400,1200,1200,,,1,1000,,,,,高通,高通 骁龙865 Plus,8,256,1,2400x1080像素,,164.8,75.2,7.9,屏幕指纹 ,2020/08/05,2020,08,1,4300
三星Galaxy S20（12GB/128GB/全网通）,三星手机,1295652,6999,1,IP68,1,6.2,3,1200,1200,6400,,,1,1000,,,,,高通,高通 骁龙865,12,128,1,,563ppi,161,69.1,7.8,屏幕指纹 ,2020/02/27,2020,02,1,4000
三星Galaxy S10（全网通）,三星手机,1203197,3899,1,,1,6.1,3,1600,1200,1200,,,1,4000,,,,,高通,高通 骁龙855,8,128,,,551ppi,151.7,70.4,,屏幕指纹 ,2019/02/,2019,02,1,3400
三星Galaxy S20 Ultra（12GB/256GB/全网通）,三星手机,1310746,9999,1,IP68,1,6.9,3,10800,4800,1200,,,1,1000,,,,,高通,高通 骁龙865,12,256,1,,509ppi,149.9,,"15.4-17.3mm
展开：167.3",屏幕指纹 ,2020/03/,2020,03,1,5000
三星Galaxy Z Flip（8GB/256GB/全网通/5G版）,三星手机,1330789,12499,1,,0,6.7,2,1200,1200,,,,1,1000,,,,,高通,高通 骁龙865 Plus,8,256,1,2636x1080像素,425ppi,,73.6,8.1,侧面指纹,2020/08/,2020,08,,3300
三星Galaxy Note 20 Ultra（12GB/512GB/全网通/5G版）,三星手机,1334558,9999,1,IP68,1,6.9,3,10800,1200,1200,,,1,1000,,,,,高通,高通 骁龙865 Plus,12,512,1,,,折叠：87.4,77.2,,屏幕指纹 ,2020/08/05,2020,08,1,4500
三星Galaxy S20+（12GB/128GB/全网通）,三星手机,1310745,7999,1,IP68,1,6.7,3,1200,1200,6400,,,1,1000,,,,,高通,高通 骁龙865,12,128,1,,524ppi,164.8,,"16.8mm
展开尺寸：159.2",屏幕指纹 ,2020/03/,2020,03,1,4500
三星Galaxy Z Fold2（12GB/512GB/全网通/5G版）,三星手机,1321232,16999（预售）,1,,,7.6,3,1200,1200,1200,,,1,1000,,,,,高通,高通 骁龙865 Plus,12,512,1,,373ppi,,68,7.9,侧面指纹,"2020/09/01
2020/09/09",2020,09,1,4500
三星GALAXY Note 10+（12GB/256GB/全网通/5G版）,三星手机,1285705,6499,1,,1,6.8,3,1200,1200,1600,,,1,800,,,,,高通,高通 骁龙855（SM8150）,12,256,1,,498ppi,折叠尺寸：159.2,77.2,8,屏幕指纹 ,"美国：2019/08/08
中国：2019/08/21",2019,08,1,4300
三星GALAXY S8（G9500/双卡版/全网通）,三星手机,1142397,3999,1,IP68,1,,,,,,,,1,3200,,,,,高通,高通 骁龙835（MSM8998）,4,64,,,568ppi,162.3,68.1,,后置指纹 ,2017/05/25,2017,05,1,
三星GALAXY A71（8GB/128GB/全网通/5G版）,三星手机,1301238,2888,1,,1,6.7,4,6400,1200,500,500,,1,1000,800,,,,三星,三星 Exynos 980,8,128,1,,,148.9,,7.8,屏幕指纹 ,2020/04/,2020,04,,4500
三星Galaxy S10+（8GB RAM/陶瓷版/全网通）,三星手机,1211590,8999,1,,1,6.4,3,1600,1200,1200,,,2,1000,,,,,高通,高通 骁龙855,8,128,,,526ppi,,74.1,7.9,屏幕指纹 ,2019/02/,2019,02,1,4100
三星GALAXY Note 10（8GB/256GB/全网通）,三星手机,1205967,6599,1,,1,6.3,3,1200,1200,1600,,,1,800,,,,,高通,高通 骁龙855（SM8150）,8,256,,2280x1080像素,400ppi,157.6,151,8.5,屏幕指纹 ,"美国：2019/08/08
中国：2019/08/21",2019,08,1,3500
三星GALAXY S9（全网通）,三星手机,1164497,6099,1,IP68,1,,,,,,,,1,1000,800,1000,,,高通,高通 骁龙845,4,64,,,568ppi,71.8,68.7,6.9,后置指纹 ,2018/03/16,2018,03,1,
三星W20（12GB/512GB/全网通/5G版）,三星手机,1292551,19999,1,,1,7.3,3,1600,1200,1200,,,3,1000,800,,,,高通,高通 骁龙855 Plus,12,512,1,,,147.7,117.9,7.8,侧面指纹,2019/11/19,2019,11,1,4235
三星Galaxy S10+（8GB RAM/玻璃版/全网通）,三星手机,1257357,4238,1,,1,6.4,3,1600,1200,1200,,,2,800,,,,,高通,高通 骁龙855,8,128,,,526ppi,160.9,74.1,8.5,屏幕指纹 ,2019/02/,2019,02,1,4100
三星GALAXY S9+（全网通）,三星手机,1177170,,1,IP68,0,6.2,1,1200,,,,,1,800,,,,,高通,高通 骁龙845,6,64,,,531ppi,157.6,73.8,8.8,后置指纹 ,2018/03/16,2018,03,1,3500
三星GALAXY Note 9（6GB RAM/全网通）,三星手机,1184309,2999,1,IP68,,6.4,1,1200,,,,,1,3200,,,,,高通,高通 骁龙845,6,128,,,514ppi,158.1,76.4,8.7,后置指纹 ,2018/08/,2018,08,1,4000
三星Galaxy A51（全网通）,三星手机,1300183,,1,,1,6.5,4,1200,1200,500,500,,1,3200,,,,,三星,三星 Exynos 980,8,128,,2400x1080像素,,161.9,73.6,8.4,屏幕指纹 ,4G手机>，3G手机>，智能手机>，拍照手机>,4,3,,4500
三星Galaxy A90（8GB/128GB/全网通/5G版）,三星手机,1290066,3040,1,,1,6.7,3,4800,500,800,,,1,800,,,,,高通,高通 骁龙855,8,128,1,2400x1080像素,393ppi,158.9,76.4,8.6,,2019/10/,2019,10,,4500
三星GALAXY Note 8（N9500/全网通）,三星手机,1161385,4399,1,IP68,0,6.3,1,1200,,,,,1,800,,,,,高通,高通 骁龙835（MSM8998）,6,64,,,522ppi,164.8,74.8,17.3,后置指纹 ,2017/09/,2017,09,1,3300
三星W2019（全网通）,三星手机,1222360,14458,1,,,,1,1200,,,,,1,500,,,,,高通,高通 骁龙845,6,128,,1920x1080像素,525ppi,162.5,63.4,7.7,,2018/11/09,2018,11,,
三星GALAXY S7 Edge（G9350/全网通）,三星手机,1100338,,1,IP68,0,,,,,,,,1,1000,800,1000,,,高通,高通 骁龙820（MSM8996）,4,32,,,534ppi,132.9,72.6,"15.7mm
展开：160.9",前置指纹 ,2016/02/>,2016,02,1,3600
三星Galaxy Fold（12GB/512GB/全网通）,三星手机,1225416,15999,1,,1,7.3,3,1200,1600,1200,,,3,1000,,,,,高通,高通 骁龙855,12,512,,,362ppi,150.9,62.8,7.9,侧面指纹,2019/11/,2019,11,1,4380
三星Galaxy S10e（6GB RAM/全网通）,三星手机,1227273,,1,,,,2,1600,1200,,,,1,1000,800,,,,高通,高通 骁龙855,6,128,,2280x1080像素,435ppi,折叠：160.9,69.9,7.9,侧面指纹,2019/02/,2019,02,1,
三星Galaxy S10（5G版/全网通）,三星手机,1262317,,1,IP68,,6.7,3,1200,1200,1600,,,2,3200,,,,,高通,高通 骁龙855+骁龙X50,8,128,1,,435ppi,142.2,77.1,7.7,屏幕指纹 ,2019/>,2019,,,4500
三星Galaxy A50s（6GB/128GB/全网通）,三星手机,1283109,1999,1,,1,6.4,3,4800,500,800,,,1,1000,,,,,三星,三星 Exynos 9611,6,128,,,,162.6,74.5,"15.4-17.3mm
展开：167.3",屏幕指纹 ,2019/11/,2019,11,,4000
三星Galaxy Z Flip（8GB/256GB/全网通）,三星手机,1271285,11999,1,,,6.7,2,1200,1200,,,,1,,,,,,高通,高通 骁龙855,8,256,,2636x1080像素,425ppi,158.5,73.6,9.3,侧面指纹,2020/2/12,2020,2,,3300
