关键字,国家,日期,时间戳,值
iphone 12,,2020年7月25日,1595635200000,3
iphone 12,,2020年7月26日,1595721600000,3
iphone 12,,2020年7月27日,1595808000000,3
iphone 12,,2020年7月28日,1595894400000,3
iphone 12,,2020年7月29日,1595980800000,3
iphone 12,,2020年7月30日,1596067200000,3
iphone 12,,2020年7月31日,1596153600000,3
iphone 12,,2020年8月1日,1596240000000,3
iphone 12,,2020年8月2日,1596326400000,3
iphone 12,,2020年8月3日,1596412800000,3
iphone 12,,2020年8月4日,1596499200000,3
iphone 12,,2020年8月5日,1596585600000,3
iphone 12,,2020年8月6日,1596672000000,3
iphone 12,,2020年8月7日,1596758400000,3
iphone 12,,2020年8月8日,1596844800000,3
iphone 12,,2020年8月9日,1596931200000,3
iphone 12,,2020年8月10日,1597017600000,3
iphone 12,,2020年8月11日,1597104000000,3
iphone 12,,2020年8月12日,1597190400000,4
iphone 12,,2020年8月13日,1597276800000,3
iphone 12,,2020年8月14日,1597363200000,3
iphone 12,,2020年8月15日,1597449600000,4
iphone 12,,2020年8月16日,1597536000000,4
iphone 12,,2020年8月17日,1597622400000,4
iphone 12,,2020年8月18日,1597708800000,4
iphone 12,,2020年8月19日,1597795200000,4
iphone 12,,2020年8月20日,1597881600000,4
iphone 12,,2020年8月21日,1597968000000,4
iphone 12,,2020年8月22日,1598054400000,5
iphone 12,,2020年8月23日,1598140800000,5
iphone 12,,2020年8月24日,1598227200000,6
iphone 12,,2020年8月25日,1598313600000,6
iphone 12,,2020年8月26日,1598400000000,5
iphone 12,,2020年8月27日,1598486400000,5
iphone 12,,2020年8月28日,1598572800000,5
iphone 12,,2020年8月29日,1598659200000,5
iphone 12,,2020年8月30日,1598745600000,5
iphone 12,,2020年8月31日,1598832000000,5
iphone 12,,2020年9月1日,1598918400000,5
iphone 12,,2020年9月2日,1599004800000,5
iphone 12,,2020年9月3日,1599091200000,5
iphone 12,,2020年9月4日,1599177600000,5
iphone 12,,2020年9月5日,1599264000000,6
iphone 12,,2020年9月6日,1599350400000,6
iphone 12,,2020年9月7日,1599436800000,6
iphone 12,,2020年9月8日,1599523200000,7
iphone 12,,2020年9月9日,1599609600000,8
iphone 12,,2020年9月10日,1599696000000,7
iphone 12,,2020年9月11日,1599782400000,7
iphone 12,,2020年9月12日,1599868800000,8
iphone 12,,2020年9月13日,1599955200000,7
iphone 12,,2020年9月14日,1600041600000,7
iphone 12,,2020年9月15日,1600128000000,15
iphone 12,,2020年9月16日,1600214400000,13
iphone 12,,2020年9月17日,1600300800000,8
iphone 12,,2020年9月18日,1600387200000,8
iphone 12,,2020年9月19日,1600473600000,8
iphone 12,,2020年9月20日,1600560000000,8
iphone 12,,2020年9月21日,1600646400000,7
iphone 12,,2020年9月22日,1600732800000,7
iphone 12,,2020年9月23日,1600819200000,7
iphone 12,,2020年9月24日,1600905600000,7
iphone 12,,2020年9月25日,1600992000000,6
iphone 12,,2020年9月26日,1601078400000,7
iphone 12,,2020年9月27日,1601164800000,7
iphone 12,,2020年9月28日,1601251200000,7
iphone 12,,2020年9月29日,1601337600000,7
iphone 12,,2020年9月30日,1601424000000,7
iphone 12,,2020年10月1日,1601510400000,7
iphone 12,,2020年10月2日,1601596800000,7
iphone 12,,2020年10月3日,1601683200000,8
iphone 12,,2020年10月4日,1601769600000,8
iphone 12,,2020年10月5日,1601856000000,8
iphone 12,,2020年10月6日,1601942400000,9
iphone 12,,2020年10月7日,1602028800000,9
iphone 12,,2020年10月8日,1602115200000,9
iphone 12,,2020年10月9日,1602201600000,8
iphone 12,,2020年10月10日,1602288000000,10
iphone 12,,2020年10月11日,1602374400000,10
iphone 12,,2020年10月12日,1602460800000,13
iphone 12,,2020年10月13日,1602547200000,79
iphone 12,,2020年10月14日,1602633600000,100
iphone 12,,2020年10月15日,1602720000000,50
iphone 12,,2020年10月16日,1602806400000,49
iphone 12,,2020年10月17日,1602892800000,37
iphone 12,,2020年10月18日,1602979200000,28
iphone 12,,2020年10月19日,1603065600000,23
iphone 12,,2020年10月20日,1603152000000,22
iphone 12,,2020年10月21日,1603238400000,22
iphone 12,,2020年10月22日,1603324800000,21
